date,brent_europe_usd_per_bbl,wti_cushing_usd_per_bbl,brent_wti_spread_usd_per_bbl,low_cost_total_cost_usd_per_bbl,low_cost_indicative_netback_usd_per_bbl,low_cost_screen_positive,base_cost_total_cost_usd_per_bbl,base_cost_indicative_netback_usd_per_bbl,base_cost_screen_positive,high_cost_total_cost_usd_per_bbl,high_cost_indicative_netback_usd_per_bbl,high_cost_screen_positive
2015-01-02,55.3800,52.7200,2.6600,4.2500,-1.5900,False,5.2500,-2.5900,False,6.7500,-4.0900,False
2015-01-05,51.0800,50.0500,1.0300,4.2500,-3.2200,False,5.2500,-4.2200,False,6.7500,-5.7200,False
2015-01-06,50.1200,47.9800,2.1400,4.2500,-2.1100,False,5.2500,-3.1100,False,6.7500,-4.6100,False
2015-01-07,49.0600,48.6900,0.3700,4.2500,-3.8800,False,5.2500,-4.8800,False,6.7500,-6.3800,False
2015-01-08,49.4300,48.8000,0.6300,4.2500,-3.6200,False,5.2500,-4.6200,False,6.7500,-6.1200,False
2015-01-09,47.6400,48.3500,-0.7100,4.2500,-4.9600,False,5.2500,-5.9600,False,6.7500,-7.4600,False
2015-01-12,46.9000,46.0600,0.8400,4.2500,-3.4100,False,5.2500,-4.4100,False,6.7500,-5.9100,False
2015-01-13,45.1300,45.9200,-0.7900,4.2500,-5.0400,False,5.2500,-6.0400,False,6.7500,-7.5400,False
2015-01-14,45.8200,48.4900,-2.6700,4.2500,-6.9200,False,5.2500,-7.9200,False,6.7500,-9.4200,False
2015-01-15,47.6600,46.3700,1.2900,4.2500,-2.9600,False,5.2500,-3.9600,False,6.7500,-5.4600,False
2015-01-16,47.3800,48.4900,-1.1100,4.2500,-5.3600,False,5.2500,-6.3600,False,6.7500,-7.8600,False
2015-01-20,46.4900,46.7900,-0.3000,4.2500,-4.5500,False,5.2500,-5.5500,False,6.7500,-7.0500,False
2015-01-21,46.5000,47.8500,-1.3500,4.2500,-5.6000,False,5.2500,-6.6000,False,6.7500,-8.1000,False
2015-01-22,46.0900,45.9300,0.1600,4.2500,-4.0900,False,5.2500,-5.0900,False,6.7500,-6.5900,False
2015-01-23,46.6900,45.2600,1.4300,4.2500,-2.8200,False,5.2500,-3.8200,False,6.7500,-5.3200,False
2015-01-26,46.0700,44.8000,1.2700,4.2500,-2.9800,False,5.2500,-3.9800,False,6.7500,-5.4800,False
2015-01-27,46.5500,45.8400,0.7100,4.2500,-3.5400,False,5.2500,-4.5400,False,6.7500,-6.0400,False
2015-01-28,47.0700,44.0800,2.9900,4.2500,-1.2600,False,5.2500,-2.2600,False,6.7500,-3.7600,False
2015-01-29,46.6100,44.1200,2.4900,4.2500,-1.7600,False,5.2500,-2.7600,False,6.7500,-4.2600,False
2015-01-30,47.5200,47.7900,-0.2700,4.2500,-4.5200,False,5.2500,-5.5200,False,6.7500,-7.0200,False
2015-02-02,51.7400,49.2500,2.4900,4.2500,-1.7600,False,5.2500,-2.7600,False,6.7500,-4.2600,False
2015-02-03,54.4100,53.0400,1.3700,4.2500,-2.8800,False,5.2500,-3.8800,False,6.7500,-5.3800,False
2015-02-04,55.0700,48.4500,6.6200,4.2500,2.3700,True,5.2500,1.3700,True,6.7500,-0.1300,False
2015-02-05,55.9800,50.4800,5.5000,4.2500,1.2500,True,5.2500,0.2500,True,6.7500,-1.2500,False
2015-02-06,55.8800,51.6600,4.2200,4.2500,-0.0300,False,5.2500,-1.0300,False,6.7500,-2.5300,False
2015-02-09,57.0000,52.9900,4.0100,4.2500,-0.2400,False,5.2500,-1.2400,False,6.7500,-2.7400,False
2015-02-10,55.7900,50.0600,5.7300,4.2500,1.4800,True,5.2500,0.4800,True,6.7500,-1.0200,False
2015-02-11,53.4800,48.8000,4.6800,4.2500,0.4300,True,5.2500,-0.5700,False,6.7500,-2.0700,False
2015-02-12,56.2300,51.1700,5.0600,4.2500,0.8100,True,5.2500,-0.1900,False,6.7500,-1.6900,False
2015-02-13,60.3300,52.6600,7.6700,4.2500,3.4200,True,5.2500,2.4200,True,6.7500,0.9200,True
2015-02-17,60.7800,53.5600,7.2200,4.2500,2.9700,True,5.2500,1.9700,True,6.7500,0.4700,True
2015-02-18,60.7200,52.1300,8.5900,4.2500,4.3400,True,5.2500,3.3400,True,6.7500,1.8400,True
2015-02-19,58.7800,51.1200,7.6600,4.2500,3.4100,True,5.2500,2.4100,True,6.7500,0.9100,True
2015-02-20,60.9900,49.9500,11.0400,4.2500,6.7900,True,5.2500,5.7900,True,6.7500,4.2900,True
2015-02-23,59.7800,49.5600,10.2200,4.2500,5.9700,True,5.2500,4.9700,True,6.7500,3.4700,True
2015-02-24,60.3300,48.4800,11.8500,4.2500,7.6000,True,5.2500,6.6000,True,6.7500,5.1000,True
2015-02-25,59.7700,50.2500,9.5200,4.2500,5.2700,True,5.2500,4.2700,True,6.7500,2.7700,True
2015-02-26,61.3900,47.6500,13.7400,4.2500,9.4900,True,5.2500,8.4900,True,6.7500,6.9900,True
2015-02-27,61.8900,49.8400,12.0500,4.2500,7.8000,True,5.2500,6.8000,True,6.7500,5.3000,True
2015-03-02,60.7500,49.5900,11.1600,4.2500,6.9100,True,5.2500,5.9100,True,6.7500,4.4100,True
2015-03-03,61.1800,50.4300,10.7500,4.2500,6.5000,True,5.2500,5.5000,True,6.7500,4.0000,True
2015-03-04,59.1800,51.5300,7.6500,4.2500,3.4000,True,5.2500,2.4000,True,6.7500,0.9000,True
2015-03-05,60.3300,50.7600,9.5700,4.2500,5.3200,True,5.2500,4.3200,True,6.7500,2.8200,True
2015-03-06,59.1500,49.6100,9.5400,4.2500,5.2900,True,5.2500,4.2900,True,6.7500,2.7900,True
2015-03-09,58.6700,49.9500,8.7200,4.2500,4.4700,True,5.2500,3.4700,True,6.7500,1.9700,True
2015-03-10,55.9500,48.4200,7.5300,4.2500,3.2800,True,5.2500,2.2800,True,6.7500,0.7800,True
2015-03-11,56.4600,48.0600,8.4000,4.2500,4.1500,True,5.2500,3.1500,True,6.7500,1.6500,True
2015-03-12,56.6600,47.1200,9.5400,4.2500,5.2900,True,5.2500,4.2900,True,6.7500,2.7900,True
2015-03-13,54.8000,44.8800,9.9200,4.2500,5.6700,True,5.2500,4.6700,True,6.7500,3.1700,True
2015-03-16,52.0000,43.9300,8.0700,4.2500,3.8200,True,5.2500,2.8200,True,6.7500,1.3200,True
2015-03-17,52.1700,43.3900,8.7800,4.2500,4.5300,True,5.2500,3.5300,True,6.7500,2.0300,True
2015-03-18,52.5900,44.6300,7.9600,4.2500,3.7100,True,5.2500,2.7100,True,6.7500,1.2100,True
2015-03-19,52.9600,44.0200,8.9400,4.2500,4.6900,True,5.2500,3.6900,True,6.7500,2.1900,True
2015-03-20,53.8800,46.0000,7.8800,4.2500,3.6300,True,5.2500,2.6300,True,6.7500,1.1300,True
2015-03-23,53.8200,47.4000,6.4200,4.2500,2.1700,True,5.2500,1.1700,True,6.7500,-0.3300,False
2015-03-24,53.6100,47.0300,6.5800,4.2500,2.3300,True,5.2500,1.3300,True,6.7500,-0.1700,False
2015-03-25,54.1800,48.7500,5.4300,4.2500,1.1800,True,5.2500,0.1800,True,6.7500,-1.3200,False
2015-03-26,57.0200,51.4100,5.6100,4.2500,1.3600,True,5.2500,0.3600,True,6.7500,-1.1400,False
2015-03-27,56.4400,48.8300,7.6100,4.2500,3.3600,True,5.2500,2.3600,True,6.7500,0.8600,True
2015-03-30,53.9900,48.6600,5.3300,4.2500,1.0800,True,5.2500,0.0800,True,6.7500,-1.4200,False
2015-03-31,53.6900,47.7200,5.9700,4.2500,1.7200,True,5.2500,0.7200,True,6.7500,-0.7800,False
2015-04-01,55.7300,50.1200,5.6100,4.2500,1.3600,True,5.2500,0.3600,True,6.7500,-1.1400,False
2015-04-02,55.7300,49.1300,6.6000,4.2500,2.3500,True,5.2500,1.3500,True,6.7500,-0.1500,False
2015-04-06,55.7300,52.0800,3.6500,4.2500,-0.6000,False,5.2500,-1.6000,False,6.7500,-3.1000,False
2015-04-07,57.5500,53.9500,3.6000,4.2500,-0.6500,False,5.2500,-1.6500,False,6.7500,-3.1500,False
2015-04-08,56.4200,50.4400,5.9800,4.2500,1.7300,True,5.2500,0.7300,True,6.7500,-0.7700,False
2015-04-09,56.0400,50.7900,5.2500,4.2500,1.0000,True,5.2500,0.0000,False,6.7500,-1.5000,False
2015-04-10,56.8200,51.6300,5.1900,4.2500,0.9400,True,5.2500,-0.0600,False,6.7500,-1.5600,False
2015-04-13,57.1400,51.9500,5.1900,4.2500,0.9400,True,5.2500,-0.0600,False,6.7500,-1.5600,False
2015-04-14,57.6900,53.3000,4.3900,4.2500,0.1400,True,5.2500,-0.8600,False,6.7500,-2.3600,False
2015-04-15,59.3200,56.2500,3.0700,4.2500,-1.1800,False,5.2500,-2.1800,False,6.7500,-3.6800,False
2015-04-16,60.1300,56.6900,3.4400,4.2500,-0.8100,False,5.2500,-1.8100,False,6.7500,-3.3100,False
2015-04-17,61.3100,55.7100,5.6000,4.2500,1.3500,True,5.2500,0.3500,True,6.7500,-1.1500,False
2015-04-20,61.2000,56.3700,4.8300,4.2500,0.5800,True,5.2500,-0.4200,False,6.7500,-1.9200,False
2015-04-21,60.1200,55.5800,4.5400,4.2500,0.2900,True,5.2500,-0.7100,False,6.7500,-2.2100,False
2015-04-22,60.1200,56.1700,3.9500,4.2500,-0.3000,False,5.2500,-1.3000,False,6.7500,-2.8000,False
2015-04-23,62.6600,56.5900,6.0700,4.2500,1.8200,True,5.2500,0.8200,True,6.7500,-0.6800,False
2015-04-24,62.9600,55.9800,6.9800,4.2500,2.7300,True,5.2500,1.7300,True,6.7500,0.2300,True
2015-04-27,62.8600,55.5600,7.3000,4.2500,3.0500,True,5.2500,2.0500,True,6.7500,0.5500,True
2015-04-28,62.6100,57.0500,5.5600,4.2500,1.3100,True,5.2500,0.3100,True,6.7500,-1.1900,False
2015-04-29,63.9700,58.5500,5.4200,4.2500,1.1700,True,5.2500,0.1700,True,6.7500,-1.3300,False
2015-04-30,63.9000,59.6200,4.2800,4.2500,0.0300,True,5.2500,-0.9700,False,6.7500,-2.4700,False
2015-05-01,64.1300,59.1000,5.0300,4.2500,0.7800,True,5.2500,-0.2200,False,6.7500,-1.7200,False
2015-05-04,64.6200,58.9200,5.7000,4.2500,1.4500,True,5.2500,0.4500,True,6.7500,-1.0500,False
2015-05-05,65.4400,60.3800,5.0600,4.2500,0.8100,True,5.2500,-0.1900,False,6.7500,-1.6900,False
2015-05-06,66.2200,60.9300,5.2900,4.2500,1.0400,True,5.2500,0.0400,True,6.7500,-1.4600,False
2015-05-07,64.9300,58.9900,5.9400,4.2500,1.6900,True,5.2500,0.6900,True,6.7500,-0.8100,False
2015-05-08,63.8200,59.4100,4.4100,4.2500,0.1600,True,5.2500,-0.8400,False,6.7500,-2.3400,False
2015-05-11,62.8200,59.2300,3.5900,4.2500,-0.6600,False,5.2500,-1.6600,False,6.7500,-3.1600,False
2015-05-12,65.0900,60.7200,4.3700,4.2500,0.1200,True,5.2500,-0.8800,False,6.7500,-2.3800,False
2015-05-13,66.3300,60.5000,5.8300,4.2500,1.5800,True,5.2500,0.5800,True,6.7500,-0.9200,False
2015-05-14,65.5800,59.8900,5.6900,4.2500,1.4400,True,5.2500,0.4400,True,6.7500,-1.0600,False
2015-05-15,64.6900,59.7300,4.9600,4.2500,0.7100,True,5.2500,-0.2900,False,6.7500,-1.7900,False
2015-05-18,65.1500,59.4400,5.7100,4.2500,1.4600,True,5.2500,0.4600,True,6.7500,-1.0400,False
2015-05-19,63.4800,57.3000,6.1800,4.2500,1.9300,True,5.2500,0.9300,True,6.7500,-0.5700,False
2015-05-20,63.5200,58.9600,4.5600,4.2500,0.3100,True,5.2500,-0.6900,False,6.7500,-2.1900,False
2015-05-21,64.7000,60.1800,4.5200,4.2500,0.2700,True,5.2500,-0.7300,False,6.7500,-2.2300,False
2015-05-22,64.7000,58.8800,5.8200,4.2500,1.5700,True,5.2500,0.5700,True,6.7500,-0.9300,False
2015-05-26,61.6500,57.2900,4.3600,4.2500,0.1100,True,5.2500,-0.8900,False,6.7500,-2.3900,False
2015-05-27,61.3500,57.5100,3.8400,4.2500,-0.4100,False,5.2500,-1.4100,False,6.7500,-2.9100,False
2015-05-28,60.1200,57.6900,2.4300,4.2500,-1.8200,False,5.2500,-2.8200,False,6.7500,-4.3200,False
2015-05-29,63.1600,60.2500,2.9100,4.2500,-1.3400,False,5.2500,-2.3400,False,6.7500,-3.8400,False
2015-06-01,62.8700,60.2400,2.6300,4.2500,-1.6200,False,5.2500,-2.6200,False,6.7500,-4.1200,False
2015-06-02,63.1400,61.3000,1.8400,4.2500,-2.4100,False,5.2500,-3.4100,False,6.7500,-4.9100,False
2015-06-03,62.7800,59.6700,3.1100,4.2500,-1.1400,False,5.2500,-2.1400,False,6.7500,-3.6400,False
2015-06-04,60.3400,58.0000,2.3400,4.2500,-1.9100,False,5.2500,-2.9100,False,6.7500,-4.4100,False
2015-06-05,60.3600,59.1100,1.2500,4.2500,-3.0000,False,5.2500,-4.0000,False,6.7500,-5.5000,False
2015-06-08,61.3300,58.1500,3.1800,4.2500,-1.0700,False,5.2500,-2.0700,False,6.7500,-3.5700,False
2015-06-09,63.2300,60.1500,3.0800,4.2500,-1.1700,False,5.2500,-2.1700,False,6.7500,-3.6700,False
2015-06-10,64.6800,61.3600,3.3200,4.2500,-0.9300,False,5.2500,-1.9300,False,6.7500,-3.4300,False
2015-06-11,63.7600,60.7400,3.0200,4.2500,-1.2300,False,5.2500,-2.2300,False,6.7500,-3.7300,False
2015-06-12,63.1900,59.9600,3.2300,4.2500,-1.0200,False,5.2500,-2.0200,False,6.7500,-3.5200,False
2015-06-15,60.9900,59.5300,1.4600,4.2500,-2.7900,False,5.2500,-3.7900,False,6.7500,-5.2900,False
2015-06-16,60.7500,60.0100,0.7400,4.2500,-3.5100,False,5.2500,-4.5100,False,6.7500,-6.0100,False
2015-06-17,60.7500,59.8900,0.8600,4.2500,-3.3900,False,5.2500,-4.3900,False,6.7500,-5.8900,False
2015-06-18,61.3700,60.4100,0.9600,4.2500,-3.2900,False,5.2500,-4.2900,False,6.7500,-5.7900,False
2015-06-19,59.4100,59.6200,-0.2100,4.2500,-4.4600,False,5.2500,-5.4600,False,6.7500,-6.9600,False
2015-06-22,60.5400,60.0100,0.5300,4.2500,-3.7200,False,5.2500,-4.7200,False,6.7500,-6.2200,False
2015-06-23,61.6700,61.0500,0.6200,4.2500,-3.6300,False,5.2500,-4.6300,False,6.7500,-6.1300,False
2015-06-24,61.6300,60.0100,1.6200,4.2500,-2.6300,False,5.2500,-3.6300,False,6.7500,-5.1300,False
2015-06-25,60.2400,59.5900,0.6500,4.2500,-3.6000,False,5.2500,-4.6000,False,6.7500,-6.1000,False
2015-06-26,60.1400,59.4100,0.7300,4.2500,-3.5200,False,5.2500,-4.5200,False,6.7500,-6.0200,False
2015-06-29,59.0300,58.3400,0.6900,4.2500,-3.5600,False,5.2500,-4.5600,False,6.7500,-6.0600,False
2015-06-30,60.3100,59.4800,0.8300,4.2500,-3.4200,False,5.2500,-4.4200,False,6.7500,-5.9200,False
2015-07-01,61.6500,56.9400,4.7100,4.2500,0.4600,True,5.2500,-0.5400,False,6.7500,-2.0400,False
2015-07-02,61.7300,56.9300,4.8000,4.2500,0.5500,True,5.2500,-0.4500,False,6.7500,-1.9500,False
2015-07-06,57.1900,52.4800,4.7100,4.2500,0.4600,True,5.2500,-0.5400,False,6.7500,-2.0400,False
2015-07-07,54.7200,52.3300,2.3900,4.2500,-1.8600,False,5.2500,-2.8600,False,6.7500,-4.3600,False
2015-07-08,55.7000,51.6100,4.0900,4.2500,-0.1600,False,5.2500,-1.1600,False,6.7500,-2.6600,False
2015-07-09,57.8300,52.7600,5.0700,4.2500,0.8200,True,5.2500,-0.1800,False,6.7500,-1.6800,False
2015-07-10,57.7200,52.7400,4.9800,4.2500,0.7300,True,5.2500,-0.2700,False,6.7500,-1.7700,False
2015-07-13,57.6300,52.1900,5.4400,4.2500,1.1900,True,5.2500,0.1900,True,6.7500,-1.3100,False
2015-07-14,57.2000,53.0500,4.1500,4.2500,-0.1000,False,5.2500,-1.1000,False,6.7500,-2.6000,False
2015-07-15,57.3400,51.4000,5.9400,4.2500,1.6900,True,5.2500,0.6900,True,6.7500,-0.8100,False
2015-07-16,57.3100,50.9000,6.4100,4.2500,2.1600,True,5.2500,1.1600,True,6.7500,-0.3400,False
2015-07-17,56.3800,50.8800,5.5000,4.2500,1.2500,True,5.2500,0.2500,True,6.7500,-1.2500,False
2015-07-20,56.4200,50.1100,6.3100,4.2500,2.0600,True,5.2500,1.0600,True,6.7500,-0.4400,False
2015-07-21,55.9400,50.5900,5.3500,4.2500,1.1000,True,5.2500,0.1000,True,6.7500,-1.4000,False
2015-07-22,56.3600,49.2700,7.0900,4.2500,2.8400,True,5.2500,1.8400,True,6.7500,0.3400,True
2015-07-23,55.7600,48.1100,7.6500,4.2500,3.4000,True,5.2500,2.4000,True,6.7500,0.9000,True
2015-07-24,54.2900,47.9800,6.3100,4.2500,2.0600,True,5.2500,1.0600,True,6.7500,-0.4400,False
2015-07-27,54.0700,47.1700,6.9000,4.2500,2.6500,True,5.2500,1.6500,True,6.7500,0.1500,True
2015-07-28,54.3000,47.9700,6.3300,4.2500,2.0800,True,5.2500,1.0800,True,6.7500,-0.4200,False
2015-07-29,54.7300,48.7700,5.9600,4.2500,1.7100,True,5.2500,0.7100,True,6.7500,-0.7900,False
2015-07-30,54.2900,48.5300,5.7600,4.2500,1.5100,True,5.2500,0.5100,True,6.7500,-0.9900,False
2015-07-31,53.2900,47.1100,6.1800,4.2500,1.9300,True,5.2500,0.9300,True,6.7500,-0.5700,False
2015-08-03,49.4900,45.2500,4.2400,4.2500,-0.0100,False,5.2500,-1.0100,False,6.7500,-2.5100,False
2015-08-04,49.0800,45.7500,3.3300,4.2500,-0.9200,False,5.2500,-1.9200,False,6.7500,-3.4200,False
2015-08-05,49.0400,45.1300,3.9100,4.2500,-0.3400,False,5.2500,-1.3400,False,6.7500,-2.8400,False
2015-08-06,47.8000,44.6900,3.1100,4.2500,-1.1400,False,5.2500,-2.1400,False,6.7500,-3.6400,False
2015-08-07,47.5400,43.8700,3.6700,4.2500,-0.5800,False,5.2500,-1.5800,False,6.7500,-3.0800,False
2015-08-10,48.3000,44.9400,3.3600,4.2500,-0.8900,False,5.2500,-1.8900,False,6.7500,-3.3900,False
2015-08-11,47.3300,43.1100,4.2200,4.2500,-0.0300,False,5.2500,-1.0300,False,6.7500,-2.5300,False
2015-08-12,48.2900,43.2200,5.0700,4.2500,0.8200,True,5.2500,-0.1800,False,6.7500,-1.6800,False
2015-08-13,48.0100,42.2700,5.7400,4.2500,1.4900,True,5.2500,0.4900,True,6.7500,-1.0100,False
2015-08-14,47.7900,42.4500,5.3400,4.2500,1.0900,True,5.2500,0.0900,True,6.7500,-1.4100,False
2015-08-17,47.7700,41.9300,5.8400,4.2500,1.5900,True,5.2500,0.5900,True,6.7500,-0.9100,False
2015-08-18,47.0000,42.5800,4.4200,4.2500,0.1700,True,5.2500,-0.8300,False,6.7500,-2.3300,False
2015-08-19,45.7500,40.7500,5.0000,4.2500,0.7500,True,5.2500,-0.2500,False,6.7500,-1.7500,False
2015-08-20,45.6300,41.0000,4.6300,4.2500,0.3800,True,5.2500,-0.6200,False,6.7500,-2.1200,False
2015-08-21,43.8400,40.4500,3.3900,4.2500,-0.8600,False,5.2500,-1.8600,False,6.7500,-3.3600,False
2015-08-24,41.5900,38.2200,3.3700,4.2500,-0.8800,False,5.2500,-1.8800,False,6.7500,-3.3800,False
2015-08-25,41.8600,39.1500,2.7100,4.2500,-1.5400,False,5.2500,-2.5400,False,6.7500,-4.0400,False
2015-08-26,41.7600,38.5000,3.2600,4.2500,-0.9900,False,5.2500,-1.9900,False,6.7500,-3.4900,False
2015-08-27,44.4600,42.4700,1.9900,4.2500,-2.2600,False,5.2500,-3.2600,False,6.7500,-4.7600,False
2015-08-28,47.9700,45.2900,2.6800,4.2500,-1.5700,False,5.2500,-2.5700,False,6.7500,-4.0700,False
2015-08-31,47.9700,49.2000,-1.2300,4.2500,-5.4800,False,5.2500,-6.4800,False,6.7500,-7.9800,False
2015-09-01,48.8000,45.3800,3.4200,4.2500,-0.8300,False,5.2500,-1.8300,False,6.7500,-3.3300,False
2015-09-02,47.6700,46.3000,1.3700,4.2500,-2.8800,False,5.2500,-3.8800,False,6.7500,-5.3800,False
2015-09-03,50.4100,46.7500,3.6600,4.2500,-0.5900,False,5.2500,-1.5900,False,6.7500,-3.0900,False
2015-09-04,48.5900,46.0200,2.5700,4.2500,-1.6800,False,5.2500,-2.6800,False,6.7500,-4.1800,False
2015-09-08,48.8800,45.9200,2.9600,4.2500,-1.2900,False,5.2500,-2.2900,False,6.7500,-3.7900,False
2015-09-09,48.0400,44.1300,3.9100,4.2500,-0.3400,False,5.2500,-1.3400,False,6.7500,-2.8400,False
2015-09-10,47.7700,45.8500,1.9200,4.2500,-2.3300,False,5.2500,-3.3300,False,6.7500,-4.8300,False
2015-09-11,46.8700,44.7500,2.1200,4.2500,-2.1300,False,5.2500,-3.1300,False,6.7500,-4.6300,False
2015-09-14,45.8700,44.0700,1.8000,4.2500,-2.4500,False,5.2500,-3.4500,False,6.7500,-4.9500,False
2015-09-15,45.9100,44.5800,1.3300,4.2500,-2.9200,False,5.2500,-3.9200,False,6.7500,-5.4200,False
2015-09-16,49.3500,47.1200,2.2300,4.2500,-2.0200,False,5.2500,-3.0200,False,6.7500,-4.5200,False
2015-09-17,48.2700,46.9300,1.3400,4.2500,-2.9100,False,5.2500,-3.9100,False,6.7500,-5.4100,False
2015-09-18,47.2800,44.7100,2.5700,4.2500,-1.6800,False,5.2500,-2.6800,False,6.7500,-4.1800,False
2015-09-21,47.6400,46.6700,0.9700,4.2500,-3.2800,False,5.2500,-4.2800,False,6.7500,-5.7800,False
2015-09-22,46.6900,46.1700,0.5200,4.2500,-3.7300,False,5.2500,-4.7300,False,6.7500,-6.2300,False
2015-09-23,48.0000,44.5300,3.4700,4.2500,-0.7800,False,5.2500,-1.7800,False,6.7500,-3.2800,False
2015-09-24,47.0600,44.9400,2.1200,4.2500,-2.1300,False,5.2500,-3.1300,False,6.7500,-4.6300,False
2015-09-25,47.2800,45.5500,1.7300,4.2500,-2.5200,False,5.2500,-3.5200,False,6.7500,-5.0200,False
2015-09-28,46.0400,44.4000,1.6400,4.2500,-2.6100,False,5.2500,-3.6100,False,6.7500,-5.1100,False
2015-09-29,47.5800,45.2400,2.3400,4.2500,-1.9100,False,5.2500,-2.9100,False,6.7500,-4.4100,False
2015-09-30,47.2900,45.0600,2.2300,4.2500,-2.0200,False,5.2500,-3.0200,False,6.7500,-4.5200,False
2015-10-01,47.4800,44.7500,2.7300,4.2500,-1.5200,False,5.2500,-2.5200,False,6.7500,-4.0200,False
2015-10-02,46.5500,45.5400,1.0100,4.2500,-3.2400,False,5.2500,-4.2400,False,6.7500,-5.7400,False
2015-10-05,49.4500,46.2800,3.1700,4.2500,-1.0800,False,5.2500,-2.0800,False,6.7500,-3.5800,False
2015-10-06,51.3400,48.5300,2.8100,4.2500,-1.4400,False,5.2500,-2.4400,False,6.7500,-3.9400,False
2015-10-07,51.6600,47.8600,3.8000,4.2500,-0.4500,False,5.2500,-1.4500,False,6.7500,-2.9500,False
2015-10-08,52.1300,49.4600,2.6700,4.2500,-1.5800,False,5.2500,-2.5800,False,6.7500,-4.0800,False
2015-10-09,52.0800,49.6700,2.4100,4.2500,-1.8400,False,5.2500,-2.8400,False,6.7500,-4.3400,False
2015-10-12,50.9500,47.0900,3.8600,4.2500,-0.3900,False,5.2500,-1.3900,False,6.7500,-2.8900,False
2015-10-13,48.9400,46.7000,2.2400,4.2500,-2.0100,False,5.2500,-3.0100,False,6.7500,-4.5100,False
2015-10-14,48.2500,46.6300,1.6200,4.2500,-2.6300,False,5.2500,-3.6300,False,6.7500,-5.1300,False
2015-10-15,47.8700,46.3800,1.4900,4.2500,-2.7600,False,5.2500,-3.7600,False,6.7500,-5.2600,False
2015-10-16,48.9600,47.3000,1.6600,4.2500,-2.5900,False,5.2500,-3.5900,False,6.7500,-5.0900,False
2015-10-19,47.5100,45.9100,1.6000,4.2500,-2.6500,False,5.2500,-3.6500,False,6.7500,-5.1500,False
2015-10-20,46.9300,45.8400,1.0900,4.2500,-3.1600,False,5.2500,-4.1600,False,6.7500,-5.6600,False
2015-10-21,46.7200,45.2200,1.5000,4.2500,-2.7500,False,5.2500,-3.7500,False,6.7500,-5.2500,False
2015-10-22,46.5900,44.9000,1.6900,4.2500,-2.5600,False,5.2500,-3.5600,False,6.7500,-5.0600,False
2015-10-23,46.3000,43.9100,2.3900,4.2500,-1.8600,False,5.2500,-2.8600,False,6.7500,-4.3600,False
2015-10-26,46.5700,43.1900,3.3800,4.2500,-0.8700,False,5.2500,-1.8700,False,6.7500,-3.3700,False
2015-10-27,45.5400,43.2100,2.3300,4.2500,-1.9200,False,5.2500,-2.9200,False,6.7500,-4.4200,False
2015-10-28,47.6000,45.9300,1.6700,4.2500,-2.5800,False,5.2500,-3.5800,False,6.7500,-5.0800,False
2015-10-29,48.0400,46.0200,2.0200,4.2500,-2.2300,False,5.2500,-3.2300,False,6.7500,-4.7300,False
2015-10-30,48.0000,46.6000,1.4000,4.2500,-2.8500,False,5.2500,-3.8500,False,6.7500,-5.3500,False
2015-11-02,47.9100,46.1200,1.7900,4.2500,-2.4600,False,5.2500,-3.4600,False,6.7500,-4.9600,False
2015-11-03,48.0000,47.8800,0.1200,4.2500,-4.1300,False,5.2500,-5.1300,False,6.7500,-6.6300,False
2015-11-04,46.9600,46.3200,0.6400,4.2500,-3.6100,False,5.2500,-4.6100,False,6.7500,-6.1100,False
2015-11-05,47.1900,45.2700,1.9200,4.2500,-2.3300,False,5.2500,-3.3300,False,6.7500,-4.8300,False
2015-11-06,46.0900,44.3200,1.7700,4.2500,-2.4800,False,5.2500,-3.4800,False,6.7500,-4.9800,False
2015-11-09,45.3800,43.8700,1.5100,4.2500,-2.7400,False,5.2500,-3.7400,False,6.7500,-5.2400,False
2015-11-10,46.4400,44.2300,2.2100,4.2500,-2.0400,False,5.2500,-3.0400,False,6.7500,-4.5400,False
2015-11-11,44.9800,42.9500,2.0300,4.2500,-2.2200,False,5.2500,-3.2200,False,6.7500,-4.7200,False
2015-11-12,44.9800,41.7400,3.2400,4.2500,-1.0100,False,5.2500,-2.0100,False,6.7500,-3.5100,False
2015-11-13,41.9800,40.6900,1.2900,4.2500,-2.9600,False,5.2500,-3.9600,False,6.7500,-5.4600,False
2015-11-16,40.2800,41.6800,-1.4000,4.2500,-5.6500,False,5.2500,-6.6500,False,6.7500,-8.1500,False
2015-11-17,41.2800,40.7300,0.5500,4.2500,-3.7000,False,5.2500,-4.7000,False,6.7500,-6.2000,False
2015-11-18,41.4500,40.7500,0.7000,4.2500,-3.5500,False,5.2500,-4.5500,False,6.7500,-6.0500,False
2015-11-19,42.2200,40.5500,1.6700,4.2500,-2.5800,False,5.2500,-3.5800,False,6.7500,-5.0800,False
2015-11-20,42.4900,39.3900,3.1000,4.2500,-1.1500,False,5.2500,-2.1500,False,6.7500,-3.6500,False
2015-11-23,43.7000,39.2700,4.4300,4.2500,0.1800,True,5.2500,-0.8200,False,6.7500,-2.3200,False
2015-11-24,44.3800,40.8900,3.4900,4.2500,-0.7600,False,5.2500,-1.7600,False,6.7500,-3.2600,False
2015-11-25,43.5600,41.2200,2.3400,4.2500,-1.9100,False,5.2500,-2.9100,False,6.7500,-4.4100,False
2015-11-26,43.5500,41.2200,2.3300,4.2500,-1.9200,False,5.2500,-2.9200,False,6.7500,-4.4200,False
2015-11-27,43.0700,40.5700,2.5000,4.2500,-1.7500,False,5.2500,-2.7500,False,6.7500,-4.2500,False
2015-11-30,43.7300,40.4300,3.3000,4.2500,-0.9500,False,5.2500,-1.9500,False,6.7500,-3.4500,False
2015-12-01,42.9700,40.5800,2.3900,4.2500,-1.8600,False,5.2500,-2.8600,False,6.7500,-4.3600,False
2015-12-02,41.9200,39.9300,1.9900,4.2500,-2.2600,False,5.2500,-3.2600,False,6.7500,-4.7600,False
2015-12-03,42.0000,41.0800,0.9200,4.2500,-3.3300,False,5.2500,-4.3300,False,6.7500,-5.8300,False
2015-12-04,41.4400,40.0000,1.4400,4.2500,-2.8100,False,5.2500,-3.8100,False,6.7500,-5.3100,False
2015-12-07,39.6900,37.6400,2.0500,4.2500,-2.2000,False,5.2500,-3.2000,False,6.7500,-4.7000,False
2015-12-08,39.4400,37.4600,1.9800,4.2500,-2.2700,False,5.2500,-3.2700,False,6.7500,-4.7700,False
2015-12-09,39.0400,37.1600,1.8800,4.2500,-2.3700,False,5.2500,-3.3700,False,6.7500,-4.8700,False
2015-12-10,38.6500,36.7600,1.8900,4.2500,-2.3600,False,5.2500,-3.3600,False,6.7500,-4.8600,False
2015-12-11,36.9900,35.6500,1.3400,4.2500,-2.9100,False,5.2500,-3.9100,False,6.7500,-5.4100,False
2015-12-14,36.5100,36.3100,0.2000,4.2500,-4.0500,False,5.2500,-5.0500,False,6.7500,-6.5500,False
2015-12-15,37.6600,37.3200,0.3400,4.2500,-3.9100,False,5.2500,-4.9100,False,6.7500,-6.4100,False
2015-12-16,36.9600,35.5500,1.4100,4.2500,-2.8400,False,5.2500,-3.8400,False,6.7500,-5.3400,False
2015-12-17,36.2900,34.9800,1.3100,4.2500,-2.9400,False,5.2500,-3.9400,False,6.7500,-5.4400,False
2015-12-18,36.7600,34.7200,2.0400,4.2500,-2.2100,False,5.2500,-3.2100,False,6.7500,-4.7100,False
2015-12-21,35.3400,34.5500,0.7900,4.2500,-3.4600,False,5.2500,-4.4600,False,6.7500,-5.9600,False
2015-12-22,35.2600,36.1200,-0.8600,4.2500,-5.1100,False,5.2500,-6.1100,False,6.7500,-7.6100,False
2015-12-23,35.7900,36.7600,-0.9700,4.2500,-5.2200,False,5.2500,-6.2200,False,6.7500,-7.7200,False
2015-12-24,37.2200,37.6200,-0.4000,4.2500,-4.6500,False,5.2500,-5.6500,False,6.7500,-7.1500,False
2015-12-25,37.0800,37.6000,-0.5200,4.2500,-4.7700,False,5.2500,-5.7700,False,6.7500,-7.2700,False
2015-12-28,37.0800,36.3600,0.7200,4.2500,-3.5300,False,5.2500,-4.5300,False,6.7500,-6.0300,False
2015-12-29,36.8500,37.8800,-1.0300,4.2500,-5.2800,False,5.2500,-6.2800,False,6.7500,-7.7800,False
2015-12-30,35.6500,36.5900,-0.9400,4.2500,-5.1900,False,5.2500,-6.1900,False,6.7500,-7.6900,False
2015-12-31,36.6100,37.1300,-0.5200,4.2500,-4.7700,False,5.2500,-5.7700,False,6.7500,-7.2700,False
2016-01-01,36.6100,37.1300,-0.5200,4.2500,-4.7700,False,5.2500,-5.7700,False,6.7500,-7.2700,False
2016-01-04,36.2800,36.8100,-0.5300,4.2500,-4.7800,False,5.2500,-5.7800,False,6.7500,-7.2800,False
2016-01-05,35.5600,35.9700,-0.4100,4.2500,-4.6600,False,5.2500,-5.6600,False,6.7500,-7.1600,False
2016-01-06,33.8900,33.9700,-0.0800,4.2500,-4.3300,False,5.2500,-5.3300,False,6.7500,-6.8300,False
2016-01-07,33.5700,33.2900,0.2800,4.2500,-3.9700,False,5.2500,-4.9700,False,6.7500,-6.4700,False
2016-01-08,31.6700,33.2000,-1.5300,4.2500,-5.7800,False,5.2500,-6.7800,False,6.7500,-8.2800,False
2016-01-11,30.1400,31.4200,-1.2800,4.2500,-5.5300,False,5.2500,-6.5300,False,6.7500,-8.0300,False
2016-01-12,29.1400,30.4200,-1.2800,4.2500,-5.5300,False,5.2500,-6.5300,False,6.7500,-8.0300,False
2016-01-13,28.5800,30.4200,-1.8400,4.2500,-6.0900,False,5.2500,-7.0900,False,6.7500,-8.5900,False
2016-01-14,28.8400,31.2200,-2.3800,4.2500,-6.6300,False,5.2500,-7.6300,False,6.7500,-9.1300,False
2016-01-15,28.8000,29.4500,-0.6500,4.2500,-4.9000,False,5.2500,-5.9000,False,6.7500,-7.4000,False
2016-01-19,27.3600,28.4700,-1.1100,4.2500,-5.3600,False,5.2500,-6.3600,False,6.7500,-7.8600,False
2016-01-20,26.0100,26.6800,-0.6700,4.2500,-4.9200,False,5.2500,-5.9200,False,6.7500,-7.4200,False
2016-01-21,27.5900,29.5500,-1.9600,4.2500,-6.2100,False,5.2500,-7.2100,False,6.7500,-8.7100,False
2016-01-22,30.4600,32.0700,-1.6100,4.2500,-5.8600,False,5.2500,-6.8600,False,6.7500,-8.3600,False
2016-01-25,29.8200,30.3100,-0.4900,4.2500,-4.7400,False,5.2500,-5.7400,False,6.7500,-7.2400,False
2016-01-26,30.9400,29.5400,1.4000,4.2500,-2.8500,False,5.2500,-3.8500,False,6.7500,-5.3500,False
2016-01-27,31.8300,32.3200,-0.4900,4.2500,-4.7400,False,5.2500,-5.7400,False,6.7500,-7.2400,False
2016-01-28,33.0100,33.2100,-0.2000,4.2500,-4.4500,False,5.2500,-5.4500,False,6.7500,-6.9500,False
2016-01-29,33.1400,33.6600,-0.5200,4.2500,-4.7700,False,5.2500,-5.7700,False,6.7500,-7.2700,False
2016-02-01,32.4500,31.6200,0.8300,4.2500,-3.4200,False,5.2500,-4.4200,False,6.7500,-5.9200,False
2016-02-02,30.9800,29.9000,1.0800,4.2500,-3.1700,False,5.2500,-4.1700,False,6.7500,-5.6700,False
2016-02-03,32.3800,32.2900,0.0900,4.2500,-4.1600,False,5.2500,-5.1600,False,6.7500,-6.6600,False
2016-02-04,32.7600,31.6300,1.1300,4.2500,-3.1200,False,5.2500,-4.1200,False,6.7500,-5.6200,False
2016-02-05,32.3500,30.8600,1.4900,4.2500,-2.7600,False,5.2500,-3.7600,False,6.7500,-5.2600,False
2016-02-08,31.6400,29.7100,1.9300,4.2500,-2.3200,False,5.2500,-3.3200,False,6.7500,-4.8200,False
2016-02-09,30.1500,27.9600,2.1900,4.2500,-2.0600,False,5.2500,-3.0600,False,6.7500,-4.5600,False
2016-02-10,29.6400,27.5400,2.1000,4.2500,-2.1500,False,5.2500,-3.1500,False,6.7500,-4.6500,False
2016-02-11,28.8200,26.1900,2.6300,4.2500,-1.6200,False,5.2500,-2.6200,False,6.7500,-4.1200,False
2016-02-12,31.8000,29.3200,2.4800,4.2500,-1.7700,False,5.2500,-2.7700,False,6.7500,-4.2700,False
2016-02-16,31.0900,29.0500,2.0400,4.2500,-2.2100,False,5.2500,-3.2100,False,6.7500,-4.7100,False
2016-02-17,33.2100,30.6800,2.5300,4.2500,-1.7200,False,5.2500,-2.7200,False,6.7500,-4.2200,False
2016-02-18,33.2000,30.7700,2.4300,4.2500,-1.8200,False,5.2500,-2.8200,False,6.7500,-4.3200,False
2016-02-19,31.6600,29.5900,2.0700,4.2500,-2.1800,False,5.2500,-3.1800,False,6.7500,-4.6800,False
2016-02-22,33.5900,31.3700,2.2200,4.2500,-2.0300,False,5.2500,-3.0300,False,6.7500,-4.5300,False
2016-02-23,31.9000,31.8400,0.0600,4.2500,-4.1900,False,5.2500,-5.1900,False,6.7500,-6.6900,False
2016-02-24,31.5000,30.3500,1.1500,4.2500,-3.1000,False,5.2500,-4.1000,False,6.7500,-5.6000,False
2016-02-25,32.8300,31.4000,1.4300,4.2500,-2.8200,False,5.2500,-3.8200,False,6.7500,-5.3200,False
2016-02-26,35.7600,31.6500,4.1100,4.2500,-0.1400,False,5.2500,-1.1400,False,6.7500,-2.6400,False
2016-02-29,35.9200,32.7400,3.1800,4.2500,-1.0700,False,5.2500,-2.0700,False,6.7500,-3.5700,False
2016-03-01,35.7300,34.3900,1.3400,4.2500,-2.9100,False,5.2500,-3.9100,False,6.7500,-5.4100,False
2016-03-02,36.3800,34.5700,1.8100,4.2500,-2.4400,False,5.2500,-3.4400,False,6.7500,-4.9400,False
2016-03-03,35.7500,34.5600,1.1900,4.2500,-3.0600,False,5.2500,-4.0600,False,6.7500,-5.5600,False
2016-03-04,37.6100,35.9100,1.7000,4.2500,-2.5500,False,5.2500,-3.5500,False,6.7500,-5.0500,False
2016-03-07,39.0200,37.9000,1.1200,4.2500,-3.1300,False,5.2500,-4.1300,False,6.7500,-5.6300,False
2016-03-08,39.1600,36.6700,2.4900,4.2500,-1.7600,False,5.2500,-2.7600,False,6.7500,-4.2600,False
2016-03-09,40.2600,37.6200,2.6400,4.2500,-1.6100,False,5.2500,-2.6100,False,6.7500,-4.1100,False
2016-03-10,38.6300,37.7700,0.8600,4.2500,-3.3900,False,5.2500,-4.3900,False,6.7500,-5.8900,False
2016-03-11,39.4100,38.5100,0.9000,4.2500,-3.3500,False,5.2500,-4.3500,False,6.7500,-5.8500,False
2016-03-14,38.0600,37.2000,0.8600,4.2500,-3.3900,False,5.2500,-4.3900,False,6.7500,-5.8900,False
2016-03-15,37.4900,36.3200,1.1700,4.2500,-3.0800,False,5.2500,-4.0800,False,6.7500,-5.5800,False
2016-03-16,38.3800,38.4300,-0.0500,4.2500,-4.3000,False,5.2500,-5.3000,False,6.7500,-6.8000,False
2016-03-17,39.2900,40.1700,-0.8800,4.2500,-5.1300,False,5.2500,-6.1300,False,6.7500,-7.6300,False
2016-03-18,39.2600,39.4700,-0.2100,4.2500,-4.4600,False,5.2500,-5.4600,False,6.7500,-6.9600,False
2016-03-21,39.9100,39.9100,0.0000,4.2500,-4.2500,False,5.2500,-5.2500,False,6.7500,-6.7500,False
2016-03-22,40.5400,41.4500,-0.9100,4.2500,-5.1600,False,5.2500,-6.1600,False,6.7500,-7.6600,False
2016-03-23,38.8400,38.2800,0.5600,4.2500,-3.6900,False,5.2500,-4.6900,False,6.7500,-6.1900,False
2016-03-24,38.3300,38.1400,0.1900,4.2500,-4.0600,False,5.2500,-5.0600,False,6.7500,-6.5600,False
2016-03-28,38.3300,37.9900,0.3400,4.2500,-3.9100,False,5.2500,-4.9100,False,6.7500,-6.4100,False
2016-03-29,36.7500,36.9100,-0.1600,4.2500,-4.4100,False,5.2500,-5.4100,False,6.7500,-6.9100,False
2016-03-30,36.7500,36.9100,-0.1600,4.2500,-4.4100,False,5.2500,-5.4100,False,6.7500,-6.9100,False
2016-03-31,36.7500,36.9400,-0.1900,4.2500,-4.4400,False,5.2500,-5.4400,False,6.7500,-6.9400,False
2016-04-01,36.4200,35.3600,1.0600,4.2500,-3.1900,False,5.2500,-4.1900,False,6.7500,-5.6900,False
2016-04-04,36.0500,34.3000,1.7500,4.2500,-2.5000,False,5.2500,-3.5000,False,6.7500,-5.0000,False
2016-04-05,35.8800,34.5200,1.3600,4.2500,-2.8900,False,5.2500,-3.8900,False,6.7500,-5.3900,False
2016-04-06,37.7700,37.7400,0.0300,4.2500,-4.2200,False,5.2500,-5.2200,False,6.7500,-6.7200,False
2016-04-07,37.1500,37.3000,-0.1500,4.2500,-4.4000,False,5.2500,-5.4000,False,6.7500,-6.9000,False
2016-04-08,40.7100,39.7400,0.9700,4.2500,-3.2800,False,5.2500,-4.2800,False,6.7500,-5.7800,False
2016-04-11,41.5800,40.4600,1.1200,4.2500,-3.1300,False,5.2500,-4.1300,False,6.7500,-5.6300,False
2016-04-12,43.0200,42.1200,0.9000,4.2500,-3.3500,False,5.2500,-4.3500,False,6.7500,-5.8500,False
2016-04-13,42.8100,41.7000,1.1100,4.2500,-3.1400,False,5.2500,-4.1400,False,6.7500,-5.6400,False
2016-04-14,43.0200,41.4500,1.5700,4.2500,-2.6800,False,5.2500,-3.6800,False,6.7500,-5.1800,False
2016-04-15,41.3200,40.4000,0.9200,4.2500,-3.3300,False,5.2500,-4.3300,False,6.7500,-5.8300,False
2016-04-18,41.6400,39.7400,1.9000,4.2500,-2.3500,False,5.2500,-3.3500,False,6.7500,-4.8500,False
2016-04-19,43.0200,40.8800,2.1400,4.2500,-2.1100,False,5.2500,-3.1100,False,6.7500,-4.6100,False
2016-04-20,43.0900,42.7200,0.3700,4.2500,-3.8800,False,5.2500,-4.8800,False,6.7500,-6.3800,False
2016-04-21,43.4800,43.1800,0.3000,4.2500,-3.9500,False,5.2500,-4.9500,False,6.7500,-6.4500,False
2016-04-22,43.9700,42.7600,1.2100,4.2500,-3.0400,False,5.2500,-4.0400,False,6.7500,-5.5400,False
2016-04-25,42.9700,41.6700,1.3000,4.2500,-2.9500,False,5.2500,-3.9500,False,6.7500,-5.4500,False
2016-04-26,43.9400,42.5200,1.4200,4.2500,-2.8300,False,5.2500,-3.8300,False,6.7500,-5.3300,False
2016-04-27,44.1700,45.2900,-1.1200,4.2500,-5.3700,False,5.2500,-6.3700,False,6.7500,-7.8700,False
2016-04-28,45.6000,46.0300,-0.4300,4.2500,-4.6800,False,5.2500,-5.6800,False,6.7500,-7.1800,False
2016-04-29,45.6400,45.9800,-0.3400,4.2500,-4.5900,False,5.2500,-5.5900,False,6.7500,-7.0900,False
2016-05-02,45.8200,44.7500,1.0700,4.2500,-3.1800,False,5.2500,-4.1800,False,6.7500,-5.6800,False
2016-05-03,43.0900,43.6500,-0.5600,4.2500,-4.8100,False,5.2500,-5.8100,False,6.7500,-7.3100,False
2016-05-04,43.0800,43.7700,-0.6900,4.2500,-4.9400,False,5.2500,-5.9400,False,6.7500,-7.4400,False
2016-05-05,44.3900,44.3300,0.0600,4.2500,-4.1900,False,5.2500,-5.1900,False,6.7500,-6.6900,False
2016-05-06,44.6000,44.5800,0.0200,4.2500,-4.2300,False,5.2500,-5.2300,False,6.7500,-6.7300,False
2016-05-09,42.4300,43.4500,-1.0200,4.2500,-5.2700,False,5.2500,-6.2700,False,6.7500,-7.7700,False
2016-05-10,44.0100,44.6800,-0.6700,4.2500,-4.9200,False,5.2500,-5.9200,False,6.7500,-7.4200,False
2016-05-11,46.0800,46.2100,-0.1300,4.2500,-4.3800,False,5.2500,-5.3800,False,6.7500,-6.8800,False
2016-05-12,46.4300,46.6400,-0.2100,4.2500,-4.4600,False,5.2500,-5.4600,False,6.7500,-6.9600,False
2016-05-13,47.0500,46.2200,0.8300,4.2500,-3.4200,False,5.2500,-4.4200,False,6.7500,-5.9200,False
2016-05-16,48.4900,47.7200,0.7700,4.2500,-3.4800,False,5.2500,-4.4800,False,6.7500,-5.9800,False
2016-05-17,48.7100,48.2900,0.4200,4.2500,-3.8300,False,5.2500,-4.8300,False,6.7500,-6.3300,False
2016-05-18,48.9300,48.1200,0.8100,4.2500,-3.4400,False,5.2500,-4.4400,False,6.7500,-5.9400,False
2016-05-19,47.0100,48.1600,-1.1500,4.2500,-5.4000,False,5.2500,-6.4000,False,6.7500,-7.9000,False
2016-05-20,48.5400,47.6700,0.8700,4.2500,-3.3800,False,5.2500,-4.3800,False,6.7500,-5.8800,False
2016-05-23,47.7700,48.1200,-0.3500,4.2500,-4.6000,False,5.2500,-5.6000,False,6.7500,-7.1000,False
2016-05-24,48.4200,48.0400,0.3800,4.2500,-3.8700,False,5.2500,-4.8700,False,6.7500,-6.3700,False
2016-05-25,48.8700,49.1000,-0.2300,4.2500,-4.4800,False,5.2500,-5.4800,False,6.7500,-6.9800,False
2016-05-26,49.5200,49.0000,0.5200,4.2500,-3.7300,False,5.2500,-4.7300,False,6.7500,-6.2300,False
2016-05-27,49.0900,49.3600,-0.2700,4.2500,-4.5200,False,5.2500,-5.5200,False,6.7500,-7.0200,False
2016-05-31,49.2600,49.1000,0.1600,4.2500,-4.0900,False,5.2500,-5.0900,False,6.7500,-6.5900,False
2016-06-01,48.8100,49.0700,-0.2600,4.2500,-4.5100,False,5.2500,-5.5100,False,6.7500,-7.0100,False
2016-06-02,49.0500,49.1400,-0.0900,4.2500,-4.3400,False,5.2500,-5.3400,False,6.7500,-6.8400,False
2016-06-03,48.5000,48.6900,-0.1900,4.2500,-4.4400,False,5.2500,-5.4400,False,6.7500,-6.9400,False
2016-06-06,48.9400,49.7100,-0.7700,4.2500,-5.0200,False,5.2500,-6.0200,False,6.7500,-7.5200,False
2016-06-07,49.7600,50.3700,-0.6100,4.2500,-4.8600,False,5.2500,-5.8600,False,6.7500,-7.3600,False
2016-06-08,50.7300,51.2300,-0.5000,4.2500,-4.7500,False,5.2500,-5.7500,False,6.7500,-7.2500,False
2016-06-09,50.5900,50.5200,0.0700,4.2500,-4.1800,False,5.2500,-5.1800,False,6.7500,-6.6800,False
2016-06-10,49.7000,49.0900,0.6100,4.2500,-3.6400,False,5.2500,-4.6400,False,6.7500,-6.1400,False
2016-06-13,49.3600,48.8900,0.4700,4.2500,-3.7800,False,5.2500,-4.7800,False,6.7500,-6.2800,False
2016-06-14,47.8800,48.4900,-0.6100,4.2500,-4.8600,False,5.2500,-5.8600,False,6.7500,-7.3600,False
2016-06-15,47.4700,47.9200,-0.4500,4.2500,-4.7000,False,5.2500,-5.7000,False,6.7500,-7.2000,False
2016-06-16,45.6600,46.1400,-0.4800,4.2500,-4.7300,False,5.2500,-5.7300,False,6.7500,-7.2300,False
2016-06-17,46.5700,48.0000,-1.4300,4.2500,-5.6800,False,5.2500,-6.6800,False,6.7500,-8.1800,False
2016-06-20,48.6800,49.4000,-0.7200,4.2500,-4.9700,False,5.2500,-5.9700,False,6.7500,-7.4700,False
2016-06-21,48.1800,48.9500,-0.7700,4.2500,-5.0200,False,5.2500,-6.0200,False,6.7500,-7.5200,False
2016-06-22,48.4300,49.1600,-0.7300,4.2500,-4.9800,False,5.2500,-5.9800,False,6.7500,-7.4800,False
2016-06-23,48.6300,49.3400,-0.7100,4.2500,-4.9600,False,5.2500,-5.9600,False,6.7500,-7.4600,False
2016-06-24,46.6900,46.7000,-0.0100,4.2500,-4.2600,False,5.2500,-5.2600,False,6.7500,-6.7600,False
2016-06-27,45.0700,45.8000,-0.7300,4.2500,-4.9800,False,5.2500,-5.9800,False,6.7500,-7.4800,False
2016-06-28,46.2900,47.9300,-1.6400,4.2500,-5.8900,False,5.2500,-6.8900,False,6.7500,-8.3900,False
2016-06-29,48.4000,49.8500,-1.4500,4.2500,-5.7000,False,5.2500,-6.7000,False,6.7500,-8.2000,False
2016-06-30,48.0500,48.2700,-0.2200,4.2500,-4.4700,False,5.2500,-5.4700,False,6.7500,-6.9700,False
2016-07-01,47.6500,49.0200,-1.3700,4.2500,-5.6200,False,5.2500,-6.6200,False,6.7500,-8.1200,False
2016-07-05,45.6400,46.7300,-1.0900,4.2500,-5.3400,False,5.2500,-6.3400,False,6.7500,-7.8400,False
2016-07-06,45.7000,47.3700,-1.6700,4.2500,-5.9200,False,5.2500,-6.9200,False,6.7500,-8.4200,False
2016-07-07,45.9300,45.2200,0.7100,4.2500,-3.5400,False,5.2500,-4.5400,False,6.7500,-6.0400,False
2016-07-08,44.5300,45.3700,-0.8400,4.2500,-5.0900,False,5.2500,-6.0900,False,6.7500,-7.5900,False
2016-07-11,44.0400,44.7300,-0.6900,4.2500,-4.9400,False,5.2500,-5.9400,False,6.7500,-7.4400,False
2016-07-12,46.7200,46.8200,-0.1000,4.2500,-4.3500,False,5.2500,-5.3500,False,6.7500,-6.8500,False
2016-07-13,44.6700,44.8700,-0.2000,4.2500,-4.4500,False,5.2500,-5.4500,False,6.7500,-6.9500,False
2016-07-14,46.0100,45.6400,0.3700,4.2500,-3.8800,False,5.2500,-4.8800,False,6.7500,-6.3800,False
2016-07-15,46.2500,45.9300,0.3200,4.2500,-3.9300,False,5.2500,-4.9300,False,6.7500,-6.4300,False
2016-07-18,45.3500,45.2300,0.1200,4.2500,-4.1300,False,5.2500,-5.1300,False,6.7500,-6.6300,False
2016-07-19,45.7000,44.6400,1.0600,4.2500,-3.1900,False,5.2500,-4.1900,False,6.7500,-5.6900,False
2016-07-20,45.8200,44.9600,0.8600,4.2500,-3.3900,False,5.2500,-4.3900,False,6.7500,-5.8900,False
2016-07-21,44.9900,43.9600,1.0300,4.2500,-3.2200,False,5.2500,-4.2200,False,6.7500,-5.7200,False
2016-07-22,44.2400,43.4100,0.8300,4.2500,-3.4200,False,5.2500,-4.4200,False,6.7500,-5.9200,False
2016-07-25,43.7600,42.4000,1.3600,4.2500,-2.8900,False,5.2500,-3.8900,False,6.7500,-5.3900,False
2016-07-26,43.5600,42.1600,1.4000,4.2500,-2.8500,False,5.2500,-3.8500,False,6.7500,-5.3500,False
2016-07-27,42.7800,41.9000,0.8800,4.2500,-3.3700,False,5.2500,-4.3700,False,6.7500,-5.8700,False
2016-07-28,41.8700,41.1300,0.7400,4.2500,-3.5100,False,5.2500,-4.5100,False,6.7500,-6.0100,False
2016-07-29,40.7600,41.5400,-0.7800,4.2500,-5.0300,False,5.2500,-6.0300,False,6.7500,-7.5300,False
2016-08-01,40.1700,40.0500,0.1200,4.2500,-4.1300,False,5.2500,-5.1300,False,6.7500,-6.6300,False
2016-08-02,40.0000,39.5000,0.5000,4.2500,-3.7500,False,5.2500,-4.7500,False,6.7500,-6.2500,False
2016-08-03,40.4500,40.8000,-0.3500,4.2500,-4.6000,False,5.2500,-5.6000,False,6.7500,-7.1000,False
2016-08-04,41.3300,41.9200,-0.5900,4.2500,-4.8400,False,5.2500,-5.8400,False,6.7500,-7.3400,False
2016-08-05,42.4700,41.8300,0.6400,4.2500,-3.6100,False,5.2500,-4.6100,False,6.7500,-6.1100,False
2016-08-08,43.2400,43.0600,0.1800,4.2500,-4.0700,False,5.2500,-5.0700,False,6.7500,-6.5700,False
2016-08-09,43.3700,42.7800,0.5900,4.2500,-3.6600,False,5.2500,-4.6600,False,6.7500,-6.1600,False
2016-08-10,42.1900,41.7500,0.4400,4.2500,-3.8100,False,5.2500,-4.8100,False,6.7500,-6.3100,False
2016-08-11,44.2300,43.5100,0.7200,4.2500,-3.5300,False,5.2500,-4.5300,False,6.7500,-6.0300,False
2016-08-12,45.1200,44.4700,0.6500,4.2500,-3.6000,False,5.2500,-4.6000,False,6.7500,-6.1000,False
2016-08-15,47.3100,45.7200,1.5900,4.2500,-2.6600,False,5.2500,-3.6600,False,6.7500,-5.1600,False
2016-08-16,48.2700,46.5700,1.7000,4.2500,-2.5500,False,5.2500,-3.5500,False,6.7500,-5.0500,False
2016-08-17,48.5800,46.8100,1.7700,4.2500,-2.4800,False,5.2500,-3.4800,False,6.7500,-4.9800,False
2016-08-18,49.4600,48.2000,1.2600,4.2500,-2.9900,False,5.2500,-3.9900,False,6.7500,-5.4900,False
2016-08-19,49.3900,48.4800,0.9100,4.2500,-3.3400,False,5.2500,-4.3400,False,6.7500,-5.8400,False
2016-08-22,48.1000,46.8000,1.3000,4.2500,-2.9500,False,5.2500,-3.9500,False,6.7500,-5.4500,False
2016-08-23,48.7000,47.5400,1.1600,4.2500,-3.0900,False,5.2500,-4.0900,False,6.7500,-5.5900,False
2016-08-24,47.5600,46.2900,1.2700,4.2500,-2.9800,False,5.2500,-3.9800,False,6.7500,-5.4800,False
2016-08-25,49.2500,46.9700,2.2800,4.2500,-1.9700,False,5.2500,-2.9700,False,6.7500,-4.4700,False
2016-08-26,49.6600,47.6400,2.0200,4.2500,-2.2300,False,5.2500,-3.2300,False,6.7500,-4.7300,False
2016-08-29,49.6600,46.9700,2.6900,4.2500,-1.5600,False,5.2500,-2.5600,False,6.7500,-4.0600,False
2016-08-30,47.9400,46.3200,1.6200,4.2500,-2.6300,False,5.2500,-3.6300,False,6.7500,-5.1300,False
2016-08-31,47.9400,44.6800,3.2600,4.2500,-0.9900,False,5.2500,-1.9900,False,6.7500,-3.4900,False
2016-09-01,45.0500,43.1700,1.8800,4.2500,-2.3700,False,5.2500,-3.3700,False,6.7500,-4.8700,False
2016-09-02,45.9600,44.3900,1.5700,4.2500,-2.6800,False,5.2500,-3.6800,False,6.7500,-5.1800,False
2016-09-05,46.7200,44.3900,2.3300,4.2500,-1.9200,False,5.2500,-2.9200,False,6.7500,-4.4200,False
2016-09-06,46.2100,44.8500,1.3600,4.2500,-2.8900,False,5.2500,-3.8900,False,6.7500,-5.3900,False
2016-09-07,47.0000,45.4700,1.5300,4.2500,-2.7200,False,5.2500,-3.7200,False,6.7500,-5.2200,False
2016-09-08,49.2300,47.6300,1.6000,4.2500,-2.6500,False,5.2500,-3.6500,False,6.7500,-5.1500,False
2016-09-09,48.3700,45.8800,2.4900,4.2500,-1.7600,False,5.2500,-2.7600,False,6.7500,-4.2600,False
2016-09-12,47.8200,46.2800,1.5400,4.2500,-2.7100,False,5.2500,-3.7100,False,6.7500,-5.2100,False
2016-09-13,46.4800,44.9100,1.5700,4.2500,-2.6800,False,5.2500,-3.6800,False,6.7500,-5.1800,False
2016-09-14,45.6500,43.6200,2.0300,4.2500,-2.2200,False,5.2500,-3.2200,False,6.7500,-4.7200,False
2016-09-15,45.8300,43.8500,1.9800,4.2500,-2.2700,False,5.2500,-3.2700,False,6.7500,-4.7700,False
2016-09-16,45.2600,43.0400,2.2200,4.2500,-2.0300,False,5.2500,-3.0300,False,6.7500,-4.5300,False
2016-09-19,46.0400,43.3400,2.7000,4.2500,-1.5500,False,5.2500,-2.5500,False,6.7500,-4.0500,False
2016-09-20,45.2400,43.8500,1.3900,4.2500,-2.8600,False,5.2500,-3.8600,False,6.7500,-5.3600,False
2016-09-21,45.9900,45.3300,0.6600,4.2500,-3.5900,False,5.2500,-4.5900,False,6.7500,-6.0900,False
2016-09-22,47.2100,46.1000,1.1100,4.2500,-3.1400,False,5.2500,-4.1400,False,6.7500,-5.6400,False
2016-09-23,46.7100,44.3600,2.3500,4.2500,-1.9000,False,5.2500,-2.9000,False,6.7500,-4.4000,False
2016-09-26,46.6100,45.6000,1.0100,4.2500,-3.2400,False,5.2500,-4.2400,False,6.7500,-5.7400,False
2016-09-27,44.9500,44.6500,0.3000,4.2500,-3.9500,False,5.2500,-4.9500,False,6.7500,-6.4500,False
2016-09-28,45.4900,47.0700,-1.5800,4.2500,-5.8300,False,5.2500,-6.8300,False,6.7500,-8.3300,False
2016-09-29,48.4300,47.7200,0.7100,4.2500,-3.5400,False,5.2500,-4.5400,False,6.7500,-6.0400,False
2016-09-30,48.2400,47.7200,0.5200,4.2500,-3.7300,False,5.2500,-4.7300,False,6.7500,-6.2300,False
2016-10-03,48.6100,48.8000,-0.1900,4.2500,-4.4400,False,5.2500,-5.4400,False,6.7500,-6.9400,False
2016-10-04,48.8100,48.6700,0.1400,4.2500,-4.1100,False,5.2500,-5.1100,False,6.7500,-6.6100,False
2016-10-05,49.5700,49.7500,-0.1800,4.2500,-4.4300,False,5.2500,-5.4300,False,6.7500,-6.9300,False
2016-10-06,50.1400,50.4400,-0.3000,4.2500,-4.5500,False,5.2500,-5.5500,False,6.7500,-7.0500,False
2016-10-07,50.4900,49.7600,0.7300,4.2500,-3.5200,False,5.2500,-4.5200,False,6.7500,-6.0200,False
2016-10-10,51.5400,49.7600,1.7800,4.2500,-2.4700,False,5.2500,-3.4700,False,6.7500,-4.9700,False
2016-10-11,50.4800,50.7200,-0.2400,4.2500,-4.4900,False,5.2500,-5.4900,False,6.7500,-6.9900,False
2016-10-12,49.5300,50.1400,-0.6100,4.2500,-4.8600,False,5.2500,-5.8600,False,6.7500,-7.3600,False
2016-10-13,49.2900,50.4700,-1.1800,4.2500,-5.4300,False,5.2500,-6.4300,False,6.7500,-7.9300,False
2016-10-14,48.8700,50.3500,-1.4800,4.2500,-5.7300,False,5.2500,-6.7300,False,6.7500,-8.2300,False
2016-10-17,49.3100,49.9700,-0.6600,4.2500,-4.9100,False,5.2500,-5.9100,False,6.7500,-7.4100,False
2016-10-18,49.8100,50.3000,-0.4900,4.2500,-4.7400,False,5.2500,-5.7400,False,6.7500,-7.2400,False
2016-10-19,51.8500,51.5900,0.2600,4.2500,-3.9900,False,5.2500,-4.9900,False,6.7500,-6.4900,False
2016-10-20,50.4200,50.3100,0.1100,4.2500,-4.1400,False,5.2500,-5.1400,False,6.7500,-6.6400,False
2016-10-21,50.2800,50.6100,-0.3300,4.2500,-4.5800,False,5.2500,-5.5800,False,6.7500,-7.0800,False
2016-10-24,49.8000,50.1800,-0.3800,4.2500,-4.6300,False,5.2500,-5.6300,False,6.7500,-7.1300,False
2016-10-25,49.0800,49.4500,-0.3700,4.2500,-4.6200,False,5.2500,-5.6200,False,6.7500,-7.1200,False
2016-10-26,48.9800,48.7500,0.2300,4.2500,-4.0200,False,5.2500,-5.0200,False,6.7500,-6.5200,False
2016-10-27,49.1300,49.7100,-0.5800,4.2500,-4.8300,False,5.2500,-5.8300,False,6.7500,-7.3300,False
2016-10-28,47.7800,48.7200,-0.9400,4.2500,-5.1900,False,5.2500,-6.1900,False,6.7500,-7.6900,False
2016-10-31,46.2000,46.8300,-0.6300,4.2500,-4.8800,False,5.2500,-5.8800,False,6.7500,-7.3800,False
2016-11-02,44.2600,45.3200,-1.0600,4.2500,-5.3100,False,5.2500,-6.3100,False,6.7500,-7.8100,False
2016-11-03,43.8400,44.6600,-0.8200,4.2500,-5.0700,False,5.2500,-6.0700,False,6.7500,-7.5700,False
2016-11-04,43.0600,44.0700,-1.0100,4.2500,-5.2600,False,5.2500,-6.2600,False,6.7500,-7.7600,False
2016-11-07,42.8300,44.8800,-2.0500,4.2500,-6.3000,False,5.2500,-7.3000,False,6.7500,-8.8000,False
2016-11-08,43.4700,44.9600,-1.4900,4.2500,-5.7400,False,5.2500,-6.7400,False,6.7500,-8.2400,False
2016-11-09,43.8800,45.2000,-1.3200,4.2500,-5.5700,False,5.2500,-6.5700,False,6.7500,-8.0700,False
2016-11-10,43.6700,44.6200,-0.9500,4.2500,-5.2000,False,5.2500,-6.2000,False,6.7500,-7.7000,False
2016-11-11,41.6100,43.3900,-1.7800,4.2500,-6.0300,False,5.2500,-7.0300,False,6.7500,-8.5300,False
2016-11-14,41.8300,43.2900,-1.4600,4.2500,-5.7100,False,5.2500,-6.7100,False,6.7500,-8.2100,False
2016-11-15,44.1500,45.8600,-1.7100,4.2500,-5.9600,False,5.2500,-6.9600,False,6.7500,-8.4600,False
2016-11-16,45.0700,45.5600,-0.4900,4.2500,-4.7400,False,5.2500,-5.7400,False,6.7500,-7.2400,False
2016-11-17,44.5700,45.3700,-0.8000,4.2500,-5.0500,False,5.2500,-6.0500,False,6.7500,-7.5500,False
2016-11-18,44.4100,45.6900,-1.2800,4.2500,-5.5300,False,5.2500,-6.5300,False,6.7500,-8.0300,False
2016-11-21,45.9600,47.4800,-1.5200,4.2500,-5.7700,False,5.2500,-6.7700,False,6.7500,-8.2700,False
2016-11-22,46.1000,48.0700,-1.9700,4.2500,-6.2200,False,5.2500,-7.2200,False,6.7500,-8.7200,False
2016-11-23,46.5400,46.7200,-0.1800,4.2500,-4.4300,False,5.2500,-5.4300,False,6.7500,-6.9300,False
2016-11-25,46.3200,46.7200,-0.4000,4.2500,-4.6500,False,5.2500,-5.6500,False,6.7500,-7.1500,False
2016-11-28,46.6400,45.6600,0.9800,4.2500,-3.2700,False,5.2500,-4.2700,False,6.7500,-5.7700,False
2016-11-29,44.6800,45.2900,-0.6100,4.2500,-4.8600,False,5.2500,-5.8600,False,6.7500,-7.3600,False
2016-11-30,47.9500,49.4100,-1.4600,4.2500,-5.7100,False,5.2500,-6.7100,False,6.7500,-8.2100,False
2016-12-01,52.2800,51.0800,1.2000,4.2500,-3.0500,False,5.2500,-4.0500,False,6.7500,-5.5500,False
2016-12-02,52.3500,51.7000,0.6500,4.2500,-3.6000,False,5.2500,-4.6000,False,6.7500,-6.1000,False
2016-12-05,53.3000,51.7200,1.5800,4.2500,-2.6700,False,5.2500,-3.6700,False,6.7500,-5.1700,False
2016-12-06,52.3100,50.9500,1.3600,4.2500,-2.8900,False,5.2500,-3.8900,False,6.7500,-5.3900,False
2016-12-07,51.9000,49.8500,2.0500,4.2500,-2.2000,False,5.2500,-3.2000,False,6.7500,-4.7000,False
2016-12-08,51.6000,50.8400,0.7600,4.2500,-3.4900,False,5.2500,-4.4900,False,6.7500,-5.9900,False
2016-12-09,52.1900,51.5100,0.6800,4.2500,-3.5700,False,5.2500,-4.5700,False,6.7500,-6.0700,False
2016-12-12,53.9900,52.7400,1.2500,4.2500,-3.0000,False,5.2500,-4.0000,False,6.7500,-5.5000,False
2016-12-13,53.2800,52.9900,0.2900,4.2500,-3.9600,False,5.2500,-4.9600,False,6.7500,-6.4600,False
2016-12-14,53.1500,51.0100,2.1400,4.2500,-2.1100,False,5.2500,-3.1100,False,6.7500,-4.6100,False
2016-12-15,51.7200,50.9000,0.8200,4.2500,-3.4300,False,5.2500,-4.4300,False,6.7500,-5.9300,False
2016-12-16,54.1500,51.9300,2.2200,4.2500,-2.0300,False,5.2500,-3.0300,False,6.7500,-4.5300,False
2016-12-19,53.5300,52.1300,1.4000,4.2500,-2.8500,False,5.2500,-3.8500,False,6.7500,-5.3500,False
2016-12-20,54.5600,52.2200,2.3400,4.2500,-1.9100,False,5.2500,-2.9100,False,6.7500,-4.4100,False
2016-12-21,53.0100,51.4400,1.5700,4.2500,-2.6800,False,5.2500,-3.6800,False,6.7500,-5.1800,False
2016-12-22,54.0400,51.9800,2.0600,4.2500,-2.1900,False,5.2500,-3.1900,False,6.7500,-4.6900,False
2016-12-23,53.9300,52.0100,1.9200,4.2500,-2.3300,False,5.2500,-3.3300,False,6.7500,-4.8300,False
2016-12-27,53.9300,52.8200,1.1100,4.2500,-3.1400,False,5.2500,-4.1400,False,6.7500,-5.6400,False
2016-12-28,53.9300,54.0100,-0.0800,4.2500,-4.3300,False,5.2500,-5.3300,False,6.7500,-6.8300,False
2016-12-29,54.9500,53.8000,1.1500,4.2500,-3.1000,False,5.2500,-4.1000,False,6.7500,-5.6000,False
2016-12-30,54.9600,53.7500,1.2100,4.2500,-3.0400,False,5.2500,-4.0400,False,6.7500,-5.5400,False
2017-01-03,55.0500,52.3600,2.6900,4.2500,-1.5600,False,5.2500,-2.5600,False,6.7500,-4.0600,False
2017-01-04,54.5700,53.2600,1.3100,4.2500,-2.9400,False,5.2500,-3.9400,False,6.7500,-5.4400,False
2017-01-05,54.9900,53.7700,1.2200,4.2500,-3.0300,False,5.2500,-4.0300,False,6.7500,-5.5300,False
2017-01-06,55.9000,53.9800,1.9200,4.2500,-2.3300,False,5.2500,-3.3300,False,6.7500,-4.8300,False
2017-01-09,54.3900,51.9500,2.4400,4.2500,-1.8100,False,5.2500,-2.8100,False,6.7500,-4.3100,False
2017-01-10,53.2000,50.8200,2.3800,4.2500,-1.8700,False,5.2500,-2.8700,False,6.7500,-4.3700,False
2017-01-11,53.6100,52.1900,1.4200,4.2500,-2.8300,False,5.2500,-3.8300,False,6.7500,-5.3300,False
2017-01-12,54.5100,53.0100,1.5000,4.2500,-2.7500,False,5.2500,-3.7500,False,6.7500,-5.2500,False
2017-01-13,54.3700,52.3600,2.0100,4.2500,-2.2400,False,5.2500,-3.2400,False,6.7500,-4.7400,False
2017-01-17,54.6800,52.4500,2.2300,4.2500,-2.0200,False,5.2500,-3.0200,False,6.7500,-4.5200,False
2017-01-18,53.7700,51.1200,2.6500,4.2500,-1.6000,False,5.2500,-2.6000,False,6.7500,-4.1000,False
2017-01-19,53.1800,51.3900,1.7900,4.2500,-2.4600,False,5.2500,-3.4600,False,6.7500,-4.9600,False
2017-01-20,55.0400,52.3300,2.7100,4.2500,-1.5400,False,5.2500,-2.5400,False,6.7500,-4.0400,False
2017-01-23,54.8000,52.7700,2.0300,4.2500,-2.2200,False,5.2500,-3.2200,False,6.7500,-4.7200,False
2017-01-24,54.7000,52.3800,2.3200,4.2500,-1.9300,False,5.2500,-2.9300,False,6.7500,-4.4300,False
2017-01-25,54.3400,52.1400,2.2000,4.2500,-2.0500,False,5.2500,-3.0500,False,6.7500,-4.5500,False
2017-01-26,55.8900,53.2400,2.6500,4.2500,-1.6000,False,5.2500,-2.6000,False,6.7500,-4.1000,False
2017-01-27,54.8000,53.1800,1.6200,4.2500,-2.6300,False,5.2500,-3.6300,False,6.7500,-5.1300,False
2017-01-30,54.7700,52.6300,2.1400,4.2500,-2.1100,False,5.2500,-3.1100,False,6.7500,-4.6100,False
2017-01-31,55.2500,52.7500,2.5000,4.2500,-1.7500,False,5.2500,-2.7500,False,6.7500,-4.2500,False
2017-02-01,55.7900,53.9000,1.8900,4.2500,-2.3600,False,5.2500,-3.3600,False,6.7500,-4.8600,False
2017-02-02,55.9400,53.5500,2.3900,4.2500,-1.8600,False,5.2500,-2.8600,False,6.7500,-4.3600,False
2017-02-03,55.9200,53.8100,2.1100,4.2500,-2.1400,False,5.2500,-3.1400,False,6.7500,-4.6400,False
2017-02-06,55.0200,53.0100,2.0100,4.2500,-2.2400,False,5.2500,-3.2400,False,6.7500,-4.7400,False
2017-02-07,53.7900,52.1900,1.6000,4.2500,-2.6500,False,5.2500,-3.6500,False,6.7500,-5.1500,False
2017-02-08,54.4200,52.3700,2.0500,4.2500,-2.2000,False,5.2500,-3.2000,False,6.7500,-4.7000,False
2017-02-09,53.9800,52.9900,0.9900,4.2500,-3.2600,False,5.2500,-4.2600,False,6.7500,-5.7600,False
2017-02-10,55.2000,53.8400,1.3600,4.2500,-2.8900,False,5.2500,-3.8900,False,6.7500,-5.3900,False
2017-02-13,54.1500,52.9600,1.1900,4.2500,-3.0600,False,5.2500,-4.0600,False,6.7500,-5.5600,False
2017-02-14,54.9600,53.2100,1.7500,4.2500,-2.5000,False,5.2500,-3.5000,False,6.7500,-5.0000,False
2017-02-15,54.5700,53.1100,1.4600,4.2500,-2.7900,False,5.2500,-3.7900,False,6.7500,-5.2900,False
2017-02-16,54.1600,53.4100,0.7500,4.2500,-3.5000,False,5.2500,-4.5000,False,6.7500,-6.0000,False
2017-02-17,54.4800,53.4100,1.0700,4.2500,-3.1800,False,5.2500,-4.1800,False,6.7500,-5.6800,False
2017-02-21,56.3400,54.0200,2.3200,4.2500,-1.9300,False,5.2500,-2.9300,False,6.7500,-4.4300,False
2017-02-22,54.9000,53.6100,1.2900,4.2500,-2.9600,False,5.2500,-3.9600,False,6.7500,-5.4600,False
2017-02-23,55.8200,54.4800,1.3400,4.2500,-2.9100,False,5.2500,-3.9100,False,6.7500,-5.4100,False
2017-02-24,54.6900,53.9900,0.7000,4.2500,-3.5500,False,5.2500,-4.5500,False,6.7500,-6.0500,False
2017-02-27,54.6500,54.0400,0.6100,4.2500,-3.6400,False,5.2500,-4.6400,False,6.7500,-6.1400,False
2017-02-28,53.3600,54.0000,-0.6400,4.2500,-4.8900,False,5.2500,-5.8900,False,6.7500,-7.3900,False
2017-03-01,55.7200,53.8200,1.9000,4.2500,-2.3500,False,5.2500,-3.3500,False,6.7500,-4.8500,False
2017-03-02,54.1600,52.6300,1.5300,4.2500,-2.7200,False,5.2500,-3.7200,False,6.7500,-5.2200,False
2017-03-03,54.1200,53.3300,0.7900,4.2500,-3.4600,False,5.2500,-4.4600,False,6.7500,-5.9600,False
2017-03-06,54.7300,53.1900,1.5400,4.2500,-2.7100,False,5.2500,-3.7100,False,6.7500,-5.2100,False
2017-03-07,54.6100,52.6800,1.9300,4.2500,-2.3200,False,5.2500,-3.3200,False,6.7500,-4.8200,False
2017-03-08,53.3000,49.8300,3.4700,4.2500,-0.7800,False,5.2500,-1.7800,False,6.7500,-3.2800,False
2017-03-09,50.6500,48.7500,1.9000,4.2500,-2.3500,False,5.2500,-3.3500,False,6.7500,-4.8500,False
2017-03-10,50.6300,48.0500,2.5800,4.2500,-1.6700,False,5.2500,-2.6700,False,6.7500,-4.1700,False
2017-03-13,50.1000,47.9500,2.1500,4.2500,-2.1000,False,5.2500,-3.1000,False,6.7500,-4.6000,False
2017-03-14,49.6000,47.2400,2.3600,4.2500,-1.8900,False,5.2500,-2.8900,False,6.7500,-4.3900,False
2017-03-15,50.6300,48.3400,2.2900,4.2500,-1.9600,False,5.2500,-2.9600,False,6.7500,-4.4600,False
2017-03-16,50.5600,48.3000,2.2600,4.2500,-1.9900,False,5.2500,-2.9900,False,6.7500,-4.4900,False
2017-03-17,50.5800,48.3400,2.2400,4.2500,-2.0100,False,5.2500,-3.0100,False,6.7500,-4.5100,False
2017-03-20,50.6700,47.7900,2.8800,4.2500,-1.3700,False,5.2500,-2.3700,False,6.7500,-3.8700,False
2017-03-21,50.1400,47.0200,3.1200,4.2500,-1.1300,False,5.2500,-2.1300,False,6.7500,-3.6300,False
2017-03-22,49.5600,47.2900,2.2700,4.2500,-1.9800,False,5.2500,-2.9800,False,6.7500,-4.4800,False
2017-03-23,50.1700,47.0000,3.1700,4.2500,-1.0800,False,5.2500,-2.0800,False,6.7500,-3.5800,False
2017-03-24,49.9700,47.3000,2.6700,4.2500,-1.5800,False,5.2500,-2.5800,False,6.7500,-4.0800,False
2017-03-27,50.1200,47.0200,3.1000,4.2500,-1.1500,False,5.2500,-2.1500,False,6.7500,-3.6500,False
2017-03-28,50.7200,48.3600,2.3600,4.2500,-1.8900,False,5.2500,-2.8900,False,6.7500,-4.3900,False
2017-03-29,51.3600,49.4700,1.8900,4.2500,-2.3600,False,5.2500,-3.3600,False,6.7500,-4.8600,False
2017-03-30,52.2500,50.3000,1.9500,4.2500,-2.3000,False,5.2500,-3.3000,False,6.7500,-4.8000,False
2017-03-31,52.2000,50.5400,1.6600,4.2500,-2.5900,False,5.2500,-3.5900,False,6.7500,-5.0900,False
2017-04-03,52.0400,50.2500,1.7900,4.2500,-2.4600,False,5.2500,-3.4600,False,6.7500,-4.9600,False
2017-04-04,53.0800,50.9900,2.0900,4.2500,-2.1600,False,5.2500,-3.1600,False,6.7500,-4.6600,False
2017-04-05,53.4100,51.1400,2.2700,4.2500,-1.9800,False,5.2500,-2.9800,False,6.7500,-4.4800,False
2017-04-06,53.6200,51.6900,1.9300,4.2500,-2.3200,False,5.2500,-3.3200,False,6.7500,-4.8200,False
2017-04-07,54.2400,52.2500,1.9900,4.2500,-2.2600,False,5.2500,-3.2600,False,6.7500,-4.7600,False
2017-04-10,54.7900,53.0600,1.7300,4.2500,-2.5200,False,5.2500,-3.5200,False,6.7500,-5.0200,False
2017-04-11,54.7300,53.3800,1.3500,4.2500,-2.9000,False,5.2500,-3.9000,False,6.7500,-5.4000,False
2017-04-12,54.7500,53.1200,1.6300,4.2500,-2.6200,False,5.2500,-3.6200,False,6.7500,-5.1200,False
2017-04-13,55.0500,53.1900,1.8600,4.2500,-2.3900,False,5.2500,-3.3900,False,6.7500,-4.8900,False
2017-04-17,54.7900,52.6200,2.1700,4.2500,-2.0800,False,5.2500,-3.0800,False,6.7500,-4.5800,False
2017-04-18,52.6000,52.4600,0.1400,4.2500,-4.1100,False,5.2500,-5.1100,False,6.7500,-6.6100,False
2017-04-19,52.4300,50.4900,1.9400,4.2500,-2.3100,False,5.2500,-3.3100,False,6.7500,-4.8100,False
2017-04-20,50.6600,50.2600,0.4000,4.2500,-3.8500,False,5.2500,-4.8500,False,6.7500,-6.3500,False
2017-04-21,49.9300,49.6400,0.2900,4.2500,-3.9600,False,5.2500,-4.9600,False,6.7500,-6.4600,False
2017-04-24,49.4500,48.9000,0.5500,4.2500,-3.7000,False,5.2500,-4.7000,False,6.7500,-6.2000,False
2017-04-25,49.3700,49.2200,0.1500,4.2500,-4.1000,False,5.2500,-5.1000,False,6.7500,-6.6000,False
2017-04-26,49.9900,49.2200,0.7700,4.2500,-3.4800,False,5.2500,-4.4800,False,6.7500,-5.9800,False
2017-04-27,49.4600,48.9600,0.5000,4.2500,-3.7500,False,5.2500,-4.7500,False,6.7500,-6.2500,False
2017-04-28,49.4600,49.3100,0.1500,4.2500,-4.1000,False,5.2500,-5.1000,False,6.7500,-6.6000,False
2017-05-01,50.4100,48.8300,1.5800,4.2500,-2.6700,False,5.2500,-3.6700,False,6.7500,-5.1700,False
2017-05-02,49.3100,47.6500,1.6600,4.2500,-2.5900,False,5.2500,-3.5900,False,6.7500,-5.0900,False
2017-05-03,48.8200,47.7900,1.0300,4.2500,-3.2200,False,5.2500,-4.2200,False,6.7500,-5.7200,False
2017-05-04,47.5300,45.5500,1.9800,4.2500,-2.2700,False,5.2500,-3.2700,False,6.7500,-4.7700,False
2017-05-05,47.4500,46.2300,1.2200,4.2500,-3.0300,False,5.2500,-4.0300,False,6.7500,-5.5300,False
2017-05-08,46.6100,46.4600,0.1500,4.2500,-4.1000,False,5.2500,-5.1000,False,6.7500,-6.6000,False
2017-05-09,47.0600,45.8400,1.2200,4.2500,-3.0300,False,5.2500,-4.0300,False,6.7500,-5.5300,False
2017-05-10,48.0900,47.2800,0.8100,4.2500,-3.4400,False,5.2500,-4.4400,False,6.7500,-5.9400,False
2017-05-11,49.1800,47.8100,1.3700,4.2500,-2.8800,False,5.2500,-3.8800,False,6.7500,-5.3800,False
2017-05-12,49.0800,47.8300,1.2500,4.2500,-3.0000,False,5.2500,-4.0000,False,6.7500,-5.5000,False
2017-05-15,51.2900,48.8600,2.4300,4.2500,-1.8200,False,5.2500,-2.8200,False,6.7500,-4.3200,False
2017-05-16,51.2100,48.6400,2.5700,4.2500,-1.6800,False,5.2500,-2.6800,False,6.7500,-4.1800,False
2017-05-17,51.7600,49.0400,2.7200,4.2500,-1.5300,False,5.2500,-2.5300,False,6.7500,-4.0300,False
2017-05-18,51.7100,49.3600,2.3500,4.2500,-1.9000,False,5.2500,-2.9000,False,6.7500,-4.4000,False
2017-05-19,52.7800,50.3200,2.4600,4.2500,-1.7900,False,5.2500,-2.7900,False,6.7500,-4.2900,False
2017-05-22,53.3500,50.8100,2.5400,4.2500,-1.7100,False,5.2500,-2.7100,False,6.7500,-4.2100,False
2017-05-23,53.1900,51.1200,2.0700,4.2500,-2.1800,False,5.2500,-3.1800,False,6.7500,-4.6800,False
2017-05-24,53.2900,50.9900,2.3000,4.2500,-1.9500,False,5.2500,-2.9500,False,6.7500,-4.4500,False
2017-05-25,52.2500,48.5700,3.6800,4.2500,-0.5700,False,5.2500,-1.5700,False,6.7500,-3.0700,False
2017-05-26,50.8400,49.5800,1.2600,4.2500,-2.9900,False,5.2500,-3.9900,False,6.7500,-5.4900,False
2017-05-30,50.6500,49.6300,1.0200,4.2500,-3.2300,False,5.2500,-4.2300,False,6.7500,-5.7300,False
2017-05-31,49.4000,48.2900,1.1100,4.2500,-3.1400,False,5.2500,-4.1400,False,6.7500,-5.6400,False
2017-06-01,50.4100,48.3200,2.0900,4.2500,-2.1600,False,5.2500,-3.1600,False,6.7500,-4.6600,False
2017-06-02,48.4600,47.6800,0.7800,4.2500,-3.4700,False,5.2500,-4.4700,False,6.7500,-5.9700,False
2017-06-05,48.2500,47.4000,0.8500,4.2500,-3.4000,False,5.2500,-4.4000,False,6.7500,-5.9000,False
2017-06-06,48.1100,48.1300,-0.0200,4.2500,-4.2700,False,5.2500,-5.2700,False,6.7500,-6.7700,False
2017-06-07,47.0800,45.8000,1.2800,4.2500,-2.9700,False,5.2500,-3.9700,False,6.7500,-5.4700,False
2017-06-08,46.3000,45.6800,0.6200,4.2500,-3.6300,False,5.2500,-4.6300,False,6.7500,-6.1300,False
2017-06-09,46.6400,45.8200,0.8200,4.2500,-3.4300,False,5.2500,-4.4300,False,6.7500,-5.9300,False
2017-06-12,47.1800,46.1000,1.0800,4.2500,-3.1700,False,5.2500,-4.1700,False,6.7500,-5.6700,False
2017-06-13,46.9500,46.4100,0.5400,4.2500,-3.7100,False,5.2500,-4.7100,False,6.7500,-6.2100,False
2017-06-14,45.4700,44.7900,0.6800,4.2500,-3.5700,False,5.2500,-4.5700,False,6.7500,-6.0700,False
2017-06-15,45.6100,44.4700,1.1400,4.2500,-3.1100,False,5.2500,-4.1100,False,6.7500,-5.6100,False
2017-06-16,45.7000,44.7300,0.9700,4.2500,-3.2800,False,5.2500,-4.2800,False,6.7500,-5.7800,False
2017-06-19,45.9300,44.2400,1.6900,4.2500,-2.5600,False,5.2500,-3.5600,False,6.7500,-5.0600,False
2017-06-20,43.9800,43.3400,0.6400,4.2500,-3.6100,False,5.2500,-4.6100,False,6.7500,-6.1100,False
2017-06-21,44.6200,42.4800,2.1400,4.2500,-2.1100,False,5.2500,-3.1100,False,6.7500,-4.6100,False
2017-06-22,44.4600,42.5300,1.9300,4.2500,-2.3200,False,5.2500,-3.3200,False,6.7500,-4.8200,False
2017-06-23,44.1400,42.8600,1.2800,4.2500,-2.9700,False,5.2500,-3.9700,False,6.7500,-5.4700,False
2017-06-26,44.0900,43.2400,0.8500,4.2500,-3.4000,False,5.2500,-4.4000,False,6.7500,-5.9000,False
2017-06-27,46.1700,44.2500,1.9200,4.2500,-2.3300,False,5.2500,-3.3300,False,6.7500,-4.8300,False
2017-06-28,46.4500,44.7400,1.7100,4.2500,-2.5400,False,5.2500,-3.5400,False,6.7500,-5.0400,False
2017-06-29,47.0200,44.8800,2.1400,4.2500,-2.1100,False,5.2500,-3.1100,False,6.7500,-4.6100,False
2017-06-30,47.0800,46.0200,1.0600,4.2500,-3.1900,False,5.2500,-4.1900,False,6.7500,-5.6900,False
2017-07-05,47.5800,45.1100,2.4700,4.2500,-1.7800,False,5.2500,-2.7800,False,6.7500,-4.2800,False
2017-07-06,48.5300,45.5200,3.0100,4.2500,-1.2400,False,5.2500,-2.2400,False,6.7500,-3.7400,False
2017-07-07,46.4700,44.2500,2.2200,4.2500,-2.0300,False,5.2500,-3.0300,False,6.7500,-4.5300,False
2017-07-10,46.5700,44.4000,2.1700,4.2500,-2.0800,False,5.2500,-3.0800,False,6.7500,-4.5800,False
2017-07-11,46.6800,45.0600,1.6200,4.2500,-2.6300,False,5.2500,-3.6300,False,6.7500,-5.1300,False
2017-07-12,46.7300,45.4800,1.2500,4.2500,-3.0000,False,5.2500,-4.0000,False,6.7500,-5.5000,False
2017-07-13,47.6500,46.0600,1.5900,4.2500,-2.6600,False,5.2500,-3.6600,False,6.7500,-5.1600,False
2017-07-14,47.8900,46.5300,1.3600,4.2500,-2.8900,False,5.2500,-3.8900,False,6.7500,-5.3900,False
2017-07-17,47.6600,46.0200,1.6400,4.2500,-2.6100,False,5.2500,-3.6100,False,6.7500,-5.1100,False
2017-07-18,47.9200,46.4000,1.5200,4.2500,-2.7300,False,5.2500,-3.7300,False,6.7500,-5.2300,False
2017-07-19,48.3400,47.1000,1.2400,4.2500,-3.0100,False,5.2500,-4.0100,False,6.7500,-5.5100,False
2017-07-20,48.5400,46.7300,1.8100,4.2500,-2.4400,False,5.2500,-3.4400,False,6.7500,-4.9400,False
2017-07-21,47.4700,45.7800,1.6900,4.2500,-2.5600,False,5.2500,-3.5600,False,6.7500,-5.0600,False
2017-07-24,47.8100,46.2100,1.6000,4.2500,-2.6500,False,5.2500,-3.6500,False,6.7500,-5.1500,False
2017-07-25,49.1900,47.7700,1.4200,4.2500,-2.8300,False,5.2500,-3.8300,False,6.7500,-5.3300,False
2017-07-26,50.0800,48.5800,1.5000,4.2500,-2.7500,False,5.2500,-3.7500,False,6.7500,-5.2500,False
2017-07-27,50.6700,49.0500,1.6200,4.2500,-2.6300,False,5.2500,-3.6300,False,6.7500,-5.1300,False
2017-07-28,52.0000,49.7200,2.2800,4.2500,-1.9700,False,5.2500,-2.9700,False,6.7500,-4.4700,False
2017-07-31,51.9900,50.2100,1.7800,4.2500,-2.4700,False,5.2500,-3.4700,False,6.7500,-4.9700,False
2017-08-01,50.7700,49.1900,1.5800,4.2500,-2.6700,False,5.2500,-3.6700,False,6.7500,-5.1700,False
2017-08-02,52.0900,49.6000,2.4900,4.2500,-1.7600,False,5.2500,-2.7600,False,6.7500,-4.2600,False
2017-08-03,52.8800,49.0300,3.8500,4.2500,-0.4000,False,5.2500,-1.4000,False,6.7500,-2.9000,False
2017-08-04,52.4800,49.5700,2.9100,4.2500,-1.3400,False,5.2500,-2.3400,False,6.7500,-3.8400,False
2017-08-07,51.4200,49.3700,2.0500,4.2500,-2.2000,False,5.2500,-3.2000,False,6.7500,-4.7000,False
2017-08-08,52.1800,49.0700,3.1100,4.2500,-1.1400,False,5.2500,-2.1400,False,6.7500,-3.6400,False
2017-08-09,52.1600,49.5900,2.5700,4.2500,-1.6800,False,5.2500,-2.6800,False,6.7500,-4.1800,False
2017-08-10,52.5900,48.5400,4.0500,4.2500,-0.2000,False,5.2500,-1.2000,False,6.7500,-2.7000,False
2017-08-11,51.4700,48.8100,2.6600,4.2500,-1.5900,False,5.2500,-2.5900,False,6.7500,-4.0900,False
2017-08-14,51.2900,47.5900,3.7000,4.2500,-0.5500,False,5.2500,-1.5500,False,6.7500,-3.0500,False
2017-08-15,49.9000,47.5700,2.3300,4.2500,-1.9200,False,5.2500,-2.9200,False,6.7500,-4.4200,False
2017-08-16,50.3900,46.8000,3.5900,4.2500,-0.6600,False,5.2500,-1.6600,False,6.7500,-3.1600,False
2017-08-17,50.3700,47.0700,3.3000,4.2500,-0.9500,False,5.2500,-1.9500,False,6.7500,-3.4500,False
2017-08-18,50.9600,48.5900,2.3700,4.2500,-1.8800,False,5.2500,-2.8800,False,6.7500,-4.3800,False
2017-08-21,51.9400,47.3900,4.5500,4.2500,0.3000,True,5.2500,-0.7000,False,6.7500,-2.2000,False
2017-08-22,52.2900,47.6500,4.6400,4.2500,0.3900,True,5.2500,-0.6100,False,6.7500,-2.1100,False
2017-08-23,52.3100,48.4500,3.8600,4.2500,-0.3900,False,5.2500,-1.3900,False,6.7500,-2.8900,False
2017-08-24,51.7300,47.2400,4.4900,4.2500,0.2400,True,5.2500,-0.7600,False,6.7500,-2.2600,False
2017-08-25,51.8700,47.6500,4.2200,4.2500,-0.0300,False,5.2500,-1.0300,False,6.7500,-2.5300,False
2017-08-28,51.8700,46.4000,5.4700,4.2500,1.2200,True,5.2500,0.2200,True,6.7500,-1.2800,False
2017-08-29,51.6400,46.4600,5.1800,4.2500,0.9300,True,5.2500,-0.0700,False,6.7500,-1.5700,False
2017-08-30,51.9100,45.9600,5.9500,4.2500,1.7000,True,5.2500,0.7000,True,6.7500,-0.8000,False
2017-08-31,52.6900,47.2600,5.4300,4.2500,1.1800,True,5.2500,0.1800,True,6.7500,-1.3200,False
2017-09-01,53.1500,47.3200,5.8300,4.2500,1.5800,True,5.2500,0.5800,True,6.7500,-0.9200,False
2017-09-05,53.6300,48.6300,5.0000,4.2500,0.7500,True,5.2500,-0.2500,False,6.7500,-1.7500,False
2017-09-06,54.4800,49.1300,5.3500,4.2500,1.1000,True,5.2500,0.1000,True,6.7500,-1.4000,False
2017-09-07,54.1600,49.1000,5.0600,4.2500,0.8100,True,5.2500,-0.1900,False,6.7500,-1.6900,False
2017-09-08,54.5500,47.4400,7.1100,4.2500,2.8600,True,5.2500,1.8600,True,6.7500,0.3600,True
2017-09-11,54.2000,48.0600,6.1400,4.2500,1.8900,True,5.2500,0.8900,True,6.7500,-0.6100,False
2017-09-12,55.0600,48.2100,6.8500,4.2500,2.6000,True,5.2500,1.6000,True,6.7500,0.1000,True
2017-09-13,55.5200,49.3000,6.2200,4.2500,1.9700,True,5.2500,0.9700,True,6.7500,-0.5300,False
2017-09-14,56.7600,49.8600,6.9000,4.2500,2.6500,True,5.2500,1.6500,True,6.7500,0.1500,True
2017-09-15,56.1800,49.9000,6.2800,4.2500,2.0300,True,5.2500,1.0300,True,6.7500,-0.4700,False
2017-09-18,55.5000,49.8800,5.6200,4.2500,1.3700,True,5.2500,0.3700,True,6.7500,-1.1300,False
2017-09-19,56.5800,49.5400,7.0400,4.2500,2.7900,True,5.2500,1.7900,True,6.7500,0.2900,True
2017-09-20,57.2000,50.2900,6.9100,4.2500,2.6600,True,5.2500,1.6600,True,6.7500,0.1600,True
2017-09-21,57.7300,50.5800,7.1500,4.2500,2.9000,True,5.2500,1.9000,True,6.7500,0.4000,True
2017-09-22,58.1600,50.3300,7.8300,4.2500,3.5800,True,5.2500,2.5800,True,6.7500,1.0800,True
2017-09-25,59.4200,51.8500,7.5700,4.2500,3.3200,True,5.2500,2.3200,True,6.7500,0.8200,True
2017-09-26,59.7700,51.5900,8.1800,4.2500,3.9300,True,5.2500,2.9300,True,6.7500,1.4300,True
2017-09-27,58.7400,52.1400,6.6000,4.2500,2.3500,True,5.2500,1.3500,True,6.7500,-0.1500,False
2017-09-28,58.8000,51.6200,7.1800,4.2500,2.9300,True,5.2500,1.9300,True,6.7500,0.4300,True
2017-09-29,57.0200,51.6700,5.3500,4.2500,1.1000,True,5.2500,0.1000,True,6.7500,-1.4000,False
2017-10-02,55.6700,50.5900,5.0800,4.2500,0.8300,True,5.2500,-0.1700,False,6.7500,-1.6700,False
2017-10-03,56.1200,50.4400,5.6800,4.2500,1.4300,True,5.2500,0.4300,True,6.7500,-1.0700,False
2017-10-04,56.0000,50.0000,6.0000,4.2500,1.7500,True,5.2500,0.7500,True,6.7500,-0.7500,False
2017-10-05,57.0900,50.7900,6.3000,4.2500,2.0500,True,5.2500,1.0500,True,6.7500,-0.4500,False
2017-10-06,55.5000,49.3400,6.1600,4.2500,1.9100,True,5.2500,0.9100,True,6.7500,-0.5900,False
2017-10-09,55.2900,49.5800,5.7100,4.2500,1.4600,True,5.2500,0.4600,True,6.7500,-1.0400,False
2017-10-10,56.6200,50.9300,5.6900,4.2500,1.4400,True,5.2500,0.4400,True,6.7500,-1.0600,False
2017-10-11,56.1300,51.3000,4.8300,4.2500,0.5800,True,5.2500,-0.4200,False,6.7500,-1.9200,False
2017-10-12,56.1300,50.6100,5.5200,4.2500,1.2700,True,5.2500,0.2700,True,6.7500,-1.2300,False
2017-10-13,56.8600,51.4300,5.4300,4.2500,1.1800,True,5.2500,0.1800,True,6.7500,-1.3200,False
2017-10-16,57.4900,51.8600,5.6300,4.2500,1.3800,True,5.2500,0.3800,True,6.7500,-1.1200,False
2017-10-17,57.6300,51.8700,5.7600,4.2500,1.5100,True,5.2500,0.5100,True,6.7500,-0.9900,False
2017-10-18,58.0500,52.0500,6.0000,4.2500,1.7500,True,5.2500,0.7500,True,6.7500,-0.7500,False
2017-10-19,57.8200,51.2900,6.5300,4.2500,2.2800,True,5.2500,1.2800,True,6.7500,-0.2200,False
2017-10-20,57.8900,51.6300,6.2600,4.2500,2.0100,True,5.2500,1.0100,True,6.7500,-0.4900,False
2017-10-23,57.6900,51.9100,5.7800,4.2500,1.5300,True,5.2500,0.5300,True,6.7500,-0.9700,False
2017-10-24,57.8400,52.3200,5.5200,4.2500,1.2700,True,5.2500,0.2700,True,6.7500,-1.2300,False
2017-10-25,58.4500,51.9700,6.4800,4.2500,2.2300,True,5.2500,1.2300,True,6.7500,-0.2700,False
2017-10-26,58.7500,52.4100,6.3400,4.2500,2.0900,True,5.2500,1.0900,True,6.7500,-0.4100,False
2017-10-27,60.1500,53.9200,6.2300,4.2500,1.9800,True,5.2500,0.9800,True,6.7500,-0.5200,False
2017-10-30,60.6500,54.1100,6.5400,4.2500,2.2900,True,5.2500,1.2900,True,6.7500,-0.2100,False
2017-10-31,61.3500,54.3600,6.9900,4.2500,2.7400,True,5.2500,1.7400,True,6.7500,0.2400,True
2017-11-01,60.9800,54.3200,6.6600,4.2500,2.4100,True,5.2500,1.4100,True,6.7500,-0.0900,False
2017-11-02,60.7900,54.5500,6.2400,4.2500,1.9900,True,5.2500,0.9900,True,6.7500,-0.5100,False
2017-11-03,61.4200,55.6300,5.7900,4.2500,1.5400,True,5.2500,0.5400,True,6.7500,-0.9600,False
2017-11-06,64.2700,57.3400,6.9300,4.2500,2.6800,True,5.2500,1.6800,True,6.7500,0.1800,True
2017-11-07,64.3600,57.1900,7.1700,4.2500,2.9200,True,5.2500,1.9200,True,6.7500,0.4200,True
2017-11-08,63.9600,56.8200,7.1400,4.2500,2.8900,True,5.2500,1.8900,True,6.7500,0.3900,True
2017-11-09,64.4900,57.1600,7.3300,4.2500,3.0800,True,5.2500,2.0800,True,6.7500,0.5800,True
2017-11-10,64.3500,56.7500,7.6000,4.2500,3.3500,True,5.2500,2.3500,True,6.7500,0.8500,True
2017-11-13,62.9400,56.7700,6.1700,4.2500,1.9200,True,5.2500,0.9200,True,6.7500,-0.5800,False
2017-11-14,60.9100,55.6700,5.2400,4.2500,0.9900,True,5.2500,-0.0100,False,6.7500,-1.5100,False
2017-11-15,61.2500,55.2800,5.9700,4.2500,1.7200,True,5.2500,0.7200,True,6.7500,-0.7800,False
2017-11-16,61.1800,55.1400,6.0400,4.2500,1.7900,True,5.2500,0.7900,True,6.7500,-0.7100,False
2017-11-17,61.3400,56.2100,5.1300,4.2500,0.8800,True,5.2500,-0.1200,False,6.7500,-1.6200,False
2017-11-20,61.3400,56.2100,5.1300,4.2500,0.8800,True,5.2500,-0.1200,False,6.7500,-1.6200,False
2017-11-21,62.2800,56.8400,5.4400,4.2500,1.1900,True,5.2500,0.1900,True,6.7500,-1.3100,False
2017-11-22,62.9200,57.8800,5.0400,4.2500,0.7900,True,5.2500,-0.2100,False,6.7500,-1.7100,False
2017-11-24,63.5800,58.9400,4.6400,4.2500,0.3900,True,5.2500,-0.6100,False,6.7500,-2.1100,False
2017-11-27,63.2500,58.1000,5.1500,4.2500,0.9000,True,5.2500,-0.1000,False,6.7500,-1.6000,False
2017-11-28,63.5600,57.9600,5.6000,4.2500,1.3500,True,5.2500,0.3500,True,6.7500,-1.1500,False
2017-11-29,63.7400,57.2500,6.4900,4.2500,2.2400,True,5.2500,1.2400,True,6.7500,-0.2600,False
2017-11-30,63.5300,57.4000,6.1300,4.2500,1.8800,True,5.2500,0.8800,True,6.7500,-0.6200,False
2017-12-01,64.5700,58.3500,6.2200,4.2500,1.9700,True,5.2500,0.9700,True,6.7500,-0.5300,False
2017-12-04,63.4500,57.4800,5.9700,4.2500,1.7200,True,5.2500,0.7200,True,6.7500,-0.7800,False
2017-12-05,63.4500,57.6600,5.7900,4.2500,1.5400,True,5.2500,0.5400,True,6.7500,-0.9600,False
2017-12-06,62.2500,55.7900,6.4600,4.2500,2.2100,True,5.2500,1.2100,True,6.7500,-0.2900,False
2017-12-07,62.3700,56.5000,5.8700,4.2500,1.6200,True,5.2500,0.6200,True,6.7500,-0.8800,False
2017-12-08,63.8600,57.1500,6.7100,4.2500,2.4600,True,5.2500,1.4600,True,6.7500,-0.0400,False
2017-12-11,65.6200,57.8400,7.7800,4.2500,3.5300,True,5.2500,2.5300,True,6.7500,1.0300,True
2017-12-12,64.9600,57.1200,7.8400,4.2500,3.5900,True,5.2500,2.5900,True,6.7500,1.0900,True
2017-12-13,63.6600,56.5900,7.0700,4.2500,2.8200,True,5.2500,1.8200,True,6.7500,0.3200,True
2017-12-14,63.7200,57.0000,6.7200,4.2500,2.4700,True,5.2500,1.4700,True,6.7500,-0.0300,False
2017-12-15,63.8100,57.2900,6.5200,4.2500,2.2700,True,5.2500,1.2700,True,6.7500,-0.2300,False
2017-12-18,64.4500,57.1700,7.2800,4.2500,3.0300,True,5.2500,2.0300,True,6.7500,0.5300,True
2017-12-19,63.6900,57.4900,6.2000,4.2500,1.9500,True,5.2500,0.9500,True,6.7500,-0.5500,False
2017-12-20,64.4300,58.0900,6.3400,4.2500,2.0900,True,5.2500,1.0900,True,6.7500,-0.4100,False
2017-12-21,64.6400,58.3400,6.3000,4.2500,2.0500,True,5.2500,1.0500,True,6.7500,-0.4500,False
2017-12-22,64.6100,58.2500,6.3600,4.2500,2.1100,True,5.2500,1.1100,True,6.7500,-0.3900,False
2017-12-27,66.0300,59.6700,6.3600,4.2500,2.1100,True,5.2500,1.1100,True,6.7500,-0.3900,False
2017-12-28,66.8000,59.8400,6.9600,4.2500,2.7100,True,5.2500,1.7100,True,6.7500,0.2100,True
2017-12-29,66.7300,60.4600,6.2700,4.2500,2.0200,True,5.2500,1.0200,True,6.7500,-0.4800,False
2018-01-02,66.6500,60.3700,6.2800,4.2500,2.0300,True,5.2500,1.0300,True,6.7500,-0.4700,False
2018-01-03,67.8500,61.6100,6.2400,4.2500,1.9900,True,5.2500,0.9900,True,6.7500,-0.5100,False
2018-01-04,68.7300,61.9800,6.7500,4.2500,2.5000,True,5.2500,1.5000,True,6.7500,0.0000,True
2018-01-05,68.0100,61.4900,6.5200,4.2500,2.2700,True,5.2500,1.2700,True,6.7500,-0.2300,False
2018-01-08,68.4800,61.7300,6.7500,4.2500,2.5000,True,5.2500,1.5000,True,6.7500,0.0000,True
2018-01-09,69.0800,62.9200,6.1600,4.2500,1.9100,True,5.2500,0.9100,True,6.7500,-0.5900,False
2018-01-10,69.7900,63.6000,6.1900,4.2500,1.9400,True,5.2500,0.9400,True,6.7500,-0.5600,False
2018-01-11,70.3600,63.8100,6.5500,4.2500,2.3000,True,5.2500,1.3000,True,6.7500,-0.2000,False
2018-01-12,69.6400,64.2200,5.4200,4.2500,1.1700,True,5.2500,0.1700,True,6.7500,-1.3300,False
2018-01-16,69.4000,63.8200,5.5800,4.2500,1.3300,True,5.2500,0.3300,True,6.7500,-1.1700,False
2018-01-17,69.1900,63.9200,5.2700,4.2500,1.0200,True,5.2500,0.0200,True,6.7500,-1.4800,False
2018-01-18,69.4800,63.9600,5.5200,4.2500,1.2700,True,5.2500,0.2700,True,6.7500,-1.2300,False
2018-01-19,68.5600,63.3800,5.1800,4.2500,0.9300,True,5.2500,-0.0700,False,6.7500,-1.5700,False
2018-01-22,69.3200,63.6600,5.6600,4.2500,1.4100,True,5.2500,0.4100,True,6.7500,-1.0900,False
2018-01-23,69.8100,64.4500,5.3600,4.2500,1.1100,True,5.2500,0.1100,True,6.7500,-1.3900,False
2018-01-24,69.9100,65.6900,4.2200,4.2500,-0.0300,False,5.2500,-1.0300,False,6.7500,-2.5300,False
2018-01-25,71.0800,65.6200,5.4600,4.2500,1.2100,True,5.2500,0.2100,True,6.7500,-1.2900,False
2018-01-26,70.0800,66.2700,3.8100,4.2500,-0.4400,False,5.2500,-1.4400,False,6.7500,-2.9400,False
2018-01-29,68.4100,65.7100,2.7000,4.2500,-1.5500,False,5.2500,-2.5500,False,6.7500,-4.0500,False
2018-01-30,67.7800,64.6400,3.1400,4.2500,-1.1100,False,5.2500,-2.1100,False,6.7500,-3.6100,False
2018-01-31,67.7800,64.8200,2.9600,4.2500,-1.2900,False,5.2500,-2.2900,False,6.7500,-3.7900,False
2018-02-01,68.6000,65.9200,2.6800,4.2500,-1.5700,False,5.2500,-2.5700,False,6.7500,-4.0700,False
2018-02-02,67.4500,65.5000,1.9500,4.2500,-2.3000,False,5.2500,-3.3000,False,6.7500,-4.8000,False
2018-02-05,67.6900,64.1800,3.5100,4.2500,-0.7400,False,5.2500,-1.7400,False,6.7500,-3.2400,False
2018-02-06,66.7500,63.4800,3.2700,4.2500,-0.9800,False,5.2500,-1.9800,False,6.7500,-3.4800,False
2018-02-07,65.7400,61.9100,3.8300,4.2500,-0.4200,False,5.2500,-1.4200,False,6.7500,-2.9200,False
2018-02-08,64.2600,61.3000,2.9600,4.2500,-1.2900,False,5.2500,-2.2900,False,6.7500,-3.7900,False
2018-02-09,63.0400,59.2000,3.8400,4.2500,-0.4100,False,5.2500,-1.4100,False,6.7500,-2.9100,False
2018-02-12,62.2000,59.4100,2.7900,4.2500,-1.4600,False,5.2500,-2.4600,False,6.7500,-3.9600,False
2018-02-13,61.9400,59.3300,2.6100,4.2500,-1.6400,False,5.2500,-2.6400,False,6.7500,-4.1400,False
2018-02-14,62.2900,60.7000,1.5900,4.2500,-2.6600,False,5.2500,-3.6600,False,6.7500,-5.1600,False
2018-02-15,62.8600,61.4800,1.3800,4.2500,-2.8700,False,5.2500,-3.8700,False,6.7500,-5.3700,False
2018-02-16,64.3000,61.8900,2.4100,4.2500,-1.8400,False,5.2500,-2.8400,False,6.7500,-4.3400,False
2018-02-20,64.6800,61.9100,2.7700,4.2500,-1.4800,False,5.2500,-2.4800,False,6.7500,-3.9800,False
2018-02-21,64.8100,61.7300,3.0800,4.2500,-1.1700,False,5.2500,-2.1700,False,6.7500,-3.6700,False
2018-02-22,66.1200,62.7200,3.4000,4.2500,-0.8500,False,5.2500,-1.8500,False,6.7500,-3.3500,False
2018-02-23,67.0400,63.5200,3.5200,4.2500,-0.7300,False,5.2500,-1.7300,False,6.7500,-3.2300,False
2018-02-26,67.9600,63.8100,4.1500,4.2500,-0.1000,False,5.2500,-1.1000,False,6.7500,-2.6000,False
2018-02-27,67.5900,62.9400,4.6500,4.2500,0.4000,True,5.2500,-0.6000,False,6.7500,-2.1000,False
2018-02-28,66.0800,61.4300,4.6500,4.2500,0.4000,True,5.2500,-0.6000,False,6.7500,-2.1000,False
2018-03-01,64.2300,60.9800,3.2500,4.2500,-1.0000,False,5.2500,-2.0000,False,6.7500,-3.5000,False
2018-03-02,64.2600,61.1900,3.0700,4.2500,-1.1800,False,5.2500,-2.1800,False,6.7500,-3.6800,False
2018-03-05,65.7800,62.4900,3.2900,4.2500,-0.9600,False,5.2500,-1.9600,False,6.7500,-3.4600,False
2018-03-06,65.6700,62.5400,3.1300,4.2500,-1.1200,False,5.2500,-2.1200,False,6.7500,-3.6200,False
2018-03-07,65.0900,61.0900,4.0000,4.2500,-0.2500,False,5.2500,-1.2500,False,6.7500,-2.7500,False
2018-03-08,63.8700,60.1300,3.7400,4.2500,-0.5100,False,5.2500,-1.5100,False,6.7500,-3.0100,False
2018-03-09,65.1900,62.0200,3.1700,4.2500,-1.0800,False,5.2500,-2.0800,False,6.7500,-3.5800,False
2018-03-12,64.5300,61.3500,3.1800,4.2500,-1.0700,False,5.2500,-2.0700,False,6.7500,-3.5700,False
2018-03-13,64.2000,60.6900,3.5100,4.2500,-0.7400,False,5.2500,-1.7400,False,6.7500,-3.2400,False
2018-03-14,63.6100,60.8900,2.7200,4.2500,-1.5300,False,5.2500,-2.5300,False,6.7500,-4.0300,False
2018-03-15,63.6700,61.1600,2.5100,4.2500,-1.7400,False,5.2500,-2.7400,False,6.7500,-4.2400,False
2018-03-16,64.6800,62.2900,2.3900,4.2500,-1.8600,False,5.2500,-2.8600,False,6.7500,-4.3600,False
2018-03-19,64.8200,62.0100,2.8100,4.2500,-1.4400,False,5.2500,-2.4400,False,6.7500,-3.9400,False
2018-03-20,66.0000,63.3700,2.6300,4.2500,-1.6200,False,5.2500,-2.6200,False,6.7500,-4.1200,False
2018-03-21,68.1500,65.1000,3.0500,4.2500,-1.2000,False,5.2500,-2.2000,False,6.7500,-3.7000,False
2018-03-22,68.9800,64.2500,4.7300,4.2500,0.4800,True,5.2500,-0.5200,False,6.7500,-2.0200,False
2018-03-23,69.0300,65.8000,3.2300,4.2500,-1.0200,False,5.2500,-2.0200,False,6.7500,-3.5200,False
2018-03-26,68.8100,65.4900,3.3200,4.2500,-0.9300,False,5.2500,-1.9300,False,6.7500,-3.4300,False
2018-03-27,68.6300,65.2100,3.4200,4.2500,-0.8300,False,5.2500,-1.8300,False,6.7500,-3.3300,False
2018-03-28,68.1300,64.3000,3.8300,4.2500,-0.4200,False,5.2500,-1.4200,False,6.7500,-2.9200,False
2018-03-29,69.0200,64.8700,4.1500,4.2500,-0.1000,False,5.2500,-1.1000,False,6.7500,-2.6000,False
2018-04-02,69.0200,63.0500,5.9700,4.2500,1.7200,True,5.2500,0.7200,True,6.7500,-0.7800,False
2018-04-03,69.0200,63.4100,5.6100,4.2500,1.3600,True,5.2500,0.3600,True,6.7500,-1.1400,False
2018-04-04,66.0400,63.3500,2.6900,4.2500,-1.5600,False,5.2500,-2.5600,False,6.7500,-4.0600,False
2018-04-05,66.5400,63.5300,3.0100,4.2500,-1.2400,False,5.2500,-2.2400,False,6.7500,-3.7400,False
2018-04-06,66.5100,62.0300,4.4800,4.2500,0.2300,True,5.2500,-0.7700,False,6.7500,-2.2700,False
2018-04-09,68.1900,63.4000,4.7900,4.2500,0.5400,True,5.2500,-0.4600,False,6.7500,-1.9600,False
2018-04-10,70.6700,65.4800,5.1900,4.2500,0.9400,True,5.2500,-0.0600,False,6.7500,-1.5600,False
2018-04-11,72.7400,66.8100,5.9300,4.2500,1.6800,True,5.2500,0.6800,True,6.7500,-0.8200,False
2018-04-12,71.4400,67.0700,4.3700,4.2500,0.1200,True,5.2500,-0.8800,False,6.7500,-2.3800,False
2018-04-13,73.1800,67.3500,5.8300,4.2500,1.5800,True,5.2500,0.5800,True,6.7500,-0.9200,False
2018-04-16,73.1800,66.2300,6.9500,4.2500,2.7000,True,5.2500,1.7000,True,6.7500,0.2000,True
2018-04-17,71.7100,66.5000,5.2100,4.2500,0.9600,True,5.2500,-0.0400,False,6.7500,-1.5400,False
2018-04-18,73.7300,68.4400,5.2900,4.2500,1.0400,True,5.2500,0.0400,True,6.7500,-1.4600,False
2018-04-19,74.8500,68.3000,6.5500,4.2500,2.3000,True,5.2500,1.3000,True,6.7500,-0.2000,False
2018-04-20,74.6200,68.2600,6.3600,4.2500,2.1100,True,5.2500,1.1100,True,6.7500,-0.3900,False
2018-04-23,74.5400,67.6100,6.9300,4.2500,2.6800,True,5.2500,1.6800,True,6.7500,0.1800,True
2018-04-24,75.8600,67.6600,8.2000,4.2500,3.9500,True,5.2500,2.9500,True,6.7500,1.4500,True
2018-04-25,73.7900,68.0000,5.7900,4.2500,1.5400,True,5.2500,0.5400,True,6.7500,-0.9600,False
2018-04-26,75.3900,68.1800,7.2100,4.2500,2.9600,True,5.2500,1.9600,True,6.7500,0.4600,True
2018-04-27,75.3300,68.1100,7.2200,4.2500,2.9700,True,5.2500,1.9700,True,6.7500,0.4700,True
2018-04-30,75.9200,68.5600,7.3600,4.2500,3.1100,True,5.2500,2.1100,True,6.7500,0.6100,True
2018-05-01,74.8500,67.2800,7.5700,4.2500,3.3200,True,5.2500,2.3200,True,6.7500,0.8200,True
2018-05-02,73.1400,67.9100,5.2300,4.2500,0.9800,True,5.2500,-0.0200,False,6.7500,-1.5200,False
2018-05-03,73.4500,68.4500,5.0000,4.2500,0.7500,True,5.2500,-0.2500,False,6.7500,-1.7500,False
2018-05-04,74.7500,69.7100,5.0400,4.2500,0.7900,True,5.2500,-0.2100,False,6.7500,-1.7100,False
2018-05-07,74.7500,70.7400,4.0100,4.2500,-0.2400,False,5.2500,-1.2400,False,6.7500,-2.7400,False
2018-05-08,74.1600,68.8300,5.3300,4.2500,1.0800,True,5.2500,0.0800,True,6.7500,-1.4200,False
2018-05-09,77.6000,71.1600,6.4400,4.2500,2.1900,True,5.2500,1.1900,True,6.7500,-0.3100,False
2018-05-10,77.5900,71.3600,6.2300,4.2500,1.9800,True,5.2500,0.9800,True,6.7500,-0.5200,False
2018-05-11,77.3700,70.6900,6.6800,4.2500,2.4300,True,5.2500,1.4300,True,6.7500,-0.0700,False
2018-05-14,78.1700,71.0100,7.1600,4.2500,2.9100,True,5.2500,1.9100,True,6.7500,0.4100,True
2018-05-15,78.9400,71.3400,7.6000,4.2500,3.3500,True,5.2500,2.3500,True,6.7500,0.8500,True
2018-05-16,78.1900,71.4300,6.7600,4.2500,2.5100,True,5.2500,1.5100,True,6.7500,0.0100,True
2018-05-17,80.0900,71.4700,8.6200,4.2500,4.3700,True,5.2500,3.3700,True,6.7500,1.8700,True
2018-05-18,78.3800,71.2300,7.1500,4.2500,2.9000,True,5.2500,1.9000,True,6.7500,0.4000,True
2018-05-21,78.3400,72.2600,6.0800,4.2500,1.8300,True,5.2500,0.8300,True,6.7500,-0.6700,False
2018-05-22,80.4200,72.0900,8.3300,4.2500,4.0800,True,5.2500,3.0800,True,6.7500,1.5800,True
2018-05-23,78.6900,71.8500,6.8400,4.2500,2.5900,True,5.2500,1.5900,True,6.7500,0.0900,True
2018-05-24,78.9000,70.7700,8.1300,4.2500,3.8800,True,5.2500,2.8800,True,6.7500,1.3800,True
2018-05-25,76.6000,67.9200,8.6800,4.2500,4.4300,True,5.2500,3.4300,True,6.7500,1.9300,True
2018-05-29,74.5100,66.8000,7.7100,4.2500,3.4600,True,5.2500,2.4600,True,6.7500,0.9600,True
2018-05-30,75.8900,68.2400,7.6500,4.2500,3.4000,True,5.2500,2.4000,True,6.7500,0.9000,True
2018-05-31,76.4500,66.9800,9.4700,4.2500,5.2200,True,5.2500,4.2200,True,6.7500,2.7200,True
2018-06-01,74.5400,65.8100,8.7300,4.2500,4.4800,True,5.2500,3.4800,True,6.7500,1.9800,True
2018-06-04,73.4100,64.7600,8.6500,4.2500,4.4000,True,5.2500,3.4000,True,6.7500,1.9000,True
2018-06-05,72.9100,65.5100,7.4000,4.2500,3.1500,True,5.2500,2.1500,True,6.7500,0.6500,True
2018-06-06,73.2300,64.7500,8.4800,4.2500,4.2300,True,5.2500,3.2300,True,6.7500,1.7300,True
2018-06-07,75.2300,65.9600,9.2700,4.2500,5.0200,True,5.2500,4.0200,True,6.7500,2.5200,True
2018-06-08,75.1100,65.7700,9.3400,4.2500,5.0900,True,5.2500,4.0900,True,6.7500,2.5900,True
2018-06-11,74.5800,66.1000,8.4800,4.2500,4.2300,True,5.2500,3.2300,True,6.7500,1.7300,True
2018-06-12,74.8600,66.3800,8.4800,4.2500,4.2300,True,5.2500,3.2300,True,6.7500,1.7300,True
2018-06-13,75.0700,66.6300,8.4400,4.2500,4.1900,True,5.2500,3.1900,True,6.7500,1.6900,True
2018-06-14,74.7700,66.9100,7.8600,4.2500,3.6100,True,5.2500,2.6100,True,6.7500,1.1100,True
2018-06-15,72.0200,65.0100,7.0100,4.2500,2.7600,True,5.2500,1.7600,True,6.7500,0.2600,True
2018-06-18,74.8700,65.9100,8.9600,4.2500,4.7100,True,5.2500,3.7100,True,6.7500,2.2100,True
2018-06-19,74.9200,65.0900,9.8300,4.2500,5.5800,True,5.2500,4.5800,True,6.7500,3.0800,True
2018-06-20,74.2500,65.9200,8.3300,4.2500,4.0800,True,5.2500,3.0800,True,6.7500,1.5800,True
2018-06-21,72.8700,65.6800,7.1900,4.2500,2.9400,True,5.2500,1.9400,True,6.7500,0.4400,True
2018-06-22,73.6700,69.0200,4.6500,4.2500,0.4000,True,5.2500,-0.6000,False,6.7500,-2.1000,False
2018-06-25,72.8200,69.9100,2.9100,4.2500,-1.3400,False,5.2500,-2.3400,False,6.7500,-3.8400,False
2018-06-26,73.5800,75.2300,-1.6500,4.2500,-5.9000,False,5.2500,-6.9000,False,6.7500,-8.4000,False
2018-06-27,76.0900,77.4100,-1.3200,4.2500,-5.5700,False,5.2500,-6.5700,False,6.7500,-8.0700,False
2018-06-28,76.2600,73.4500,2.8100,4.2500,-1.4400,False,5.2500,-2.4400,False,6.7500,-3.9400,False
2018-06-29,77.4400,74.1300,3.3100,4.2500,-0.9400,False,5.2500,-1.9400,False,6.7500,-3.4400,False
2018-07-02,76.7100,73.8900,2.8200,4.2500,-1.4300,False,5.2500,-2.4300,False,6.7500,-3.9300,False
2018-07-03,75.8700,74.1900,1.6800,4.2500,-2.5700,False,5.2500,-3.5700,False,6.7500,-5.0700,False
2018-07-05,77.0900,73.0500,4.0400,4.2500,-0.2100,False,5.2500,-1.2100,False,6.7500,-2.7100,False
2018-07-06,74.9800,73.7800,1.2000,4.2500,-3.0500,False,5.2500,-4.0500,False,6.7500,-5.5500,False
2018-07-09,77.0800,73.9300,3.1500,4.2500,-1.1000,False,5.2500,-2.1000,False,6.7500,-3.6000,False
2018-07-10,77.8000,74.1100,3.6900,4.2500,-0.5600,False,5.2500,-1.5600,False,6.7500,-3.0600,False
2018-07-11,75.3500,70.4700,4.8800,4.2500,0.6300,True,5.2500,-0.3700,False,6.7500,-1.8700,False
2018-07-12,72.1100,70.2800,1.8300,4.2500,-2.4200,False,5.2500,-3.4200,False,6.7500,-4.9200,False
2018-07-13,74.1100,71.0300,3.0800,4.2500,-1.1700,False,5.2500,-2.1700,False,6.7500,-3.6700,False
2018-07-16,71.0300,68.2200,2.8100,4.2500,-1.4400,False,5.2500,-2.4400,False,6.7500,-3.9400,False
2018-07-17,70.8700,68.0300,2.8400,4.2500,-1.4100,False,5.2500,-2.4100,False,6.7500,-3.9100,False
2018-07-18,70.5200,68.7800,1.7400,4.2500,-2.5100,False,5.2500,-3.5100,False,6.7500,-5.0100,False
2018-07-19,71.9400,69.4200,2.5200,4.2500,-1.7300,False,5.2500,-2.7300,False,6.7500,-4.2300,False
2018-07-20,71.9900,70.3100,1.6800,4.2500,-2.5700,False,5.2500,-3.5700,False,6.7500,-5.0700,False
2018-07-23,73.4500,67.9000,5.5500,4.2500,1.3000,True,5.2500,0.3000,True,6.7500,-1.2000,False
2018-07-24,73.5300,70.7700,2.7600,4.2500,-1.4900,False,5.2500,-2.4900,False,6.7500,-3.9900,False
2018-07-25,73.6700,71.1300,2.5400,4.2500,-1.7100,False,5.2500,-2.7100,False,6.7500,-4.2100,False
2018-07-26,74.5100,71.5900,2.9200,4.2500,-1.3300,False,5.2500,-2.3300,False,6.7500,-3.8300,False
2018-07-27,74.8400,68.6600,6.1800,4.2500,1.9300,True,5.2500,0.9300,True,6.7500,-0.5700,False
2018-07-30,74.9900,71.1900,3.8000,4.2500,-0.4500,False,5.2500,-1.4500,False,6.7500,-2.9500,False
2018-07-31,74.1600,69.8800,4.2800,4.2500,0.0300,True,5.2500,-0.9700,False,6.7500,-2.4700,False
2018-08-01,72.2800,68.8000,3.4800,4.2500,-0.7700,False,5.2500,-1.7700,False,6.7500,-3.2700,False
2018-08-02,72.9500,68.9500,4.0000,4.2500,-0.2500,False,5.2500,-1.2500,False,6.7500,-2.7500,False
2018-08-03,72.4800,68.4900,3.9900,4.2500,-0.2600,False,5.2500,-1.2600,False,6.7500,-2.7600,False
2018-08-06,72.5100,69.0100,3.5000,4.2500,-0.7500,False,5.2500,-1.7500,False,6.7500,-3.2500,False
2018-08-07,72.3100,69.1700,3.1400,4.2500,-1.1100,False,5.2500,-2.1100,False,6.7500,-3.6100,False
2018-08-08,70.7100,66.9200,3.7900,4.2500,-0.4600,False,5.2500,-1.4600,False,6.7500,-2.9600,False
2018-08-09,70.5500,66.8100,3.7400,4.2500,-0.5100,False,5.2500,-1.5100,False,6.7500,-3.0100,False
2018-08-10,71.0000,67.6100,3.3900,4.2500,-0.8600,False,5.2500,-1.8600,False,6.7500,-3.3600,False
2018-08-13,70.6200,67.2500,3.3700,4.2500,-0.8800,False,5.2500,-1.8800,False,6.7500,-3.3800,False
2018-08-14,70.7700,67.0400,3.7300,4.2500,-0.5200,False,5.2500,-1.5200,False,6.7500,-3.0200,False
2018-08-15,68.3800,65.0700,3.3100,4.2500,-0.9400,False,5.2500,-1.9400,False,6.7500,-3.4400,False
2018-08-16,69.2100,65.4400,3.7700,4.2500,-0.4800,False,5.2500,-1.4800,False,6.7500,-2.9800,False
2018-08-17,70.1400,65.9300,4.2100,4.2500,-0.0400,False,5.2500,-1.0400,False,6.7500,-2.5400,False
2018-08-20,71.1100,66.5000,4.6100,4.2500,0.3600,True,5.2500,-0.6400,False,6.7500,-2.1400,False
2018-08-21,71.6500,67.3200,4.3300,4.2500,0.0800,True,5.2500,-0.9200,False,6.7500,-2.4200,False
2018-08-22,72.9600,67.8500,5.1100,4.2500,0.8600,True,5.2500,-0.1400,False,6.7500,-1.6400,False
2018-08-23,73.7300,69.1300,4.6000,4.2500,0.3500,True,5.2500,-0.6500,False,6.7500,-2.1500,False
2018-08-24,74.4100,69.7100,4.7000,4.2500,0.4500,True,5.2500,-0.5500,False,6.7500,-2.0500,False
2018-08-27,74.4100,69.9700,4.4400,4.2500,0.1900,True,5.2500,-0.8100,False,6.7500,-2.3100,False
2018-08-28,75.9100,68.5400,7.3700,4.2500,3.1200,True,5.2500,2.1200,True,6.7500,0.6200,True
2018-08-29,76.0700,69.6800,6.3900,4.2500,2.1400,True,5.2500,1.1400,True,6.7500,-0.3600,False
2018-08-30,77.0500,70.2500,6.8000,4.2500,2.5500,True,5.2500,1.5500,True,6.7500,0.0500,True
2018-08-31,76.9400,69.8400,7.1000,4.2500,2.8500,True,5.2500,1.8500,True,6.7500,0.3500,True
2018-09-04,77.5100,69.8200,7.6900,4.2500,3.4400,True,5.2500,2.4400,True,6.7500,0.9400,True
2018-09-05,76.6800,68.6900,7.9900,4.2500,3.7400,True,5.2500,2.7400,True,6.7500,1.2400,True
2018-09-06,75.6700,67.8100,7.8600,4.2500,3.6100,True,5.2500,2.6100,True,6.7500,1.1100,True
2018-09-07,75.5500,67.7300,7.8200,4.2500,3.5700,True,5.2500,2.5700,True,6.7500,1.0700,True
2018-09-10,76.7700,67.5500,9.2200,4.2500,4.9700,True,5.2500,3.9700,True,6.7500,2.4700,True
2018-09-11,78.2200,69.2900,8.9300,4.2500,4.6800,True,5.2500,3.6800,True,6.7500,2.1800,True
2018-09-12,80.0200,70.3700,9.6500,4.2500,5.4000,True,5.2500,4.4000,True,6.7500,2.9000,True
2018-09-13,77.6600,68.6000,9.0600,4.2500,4.8100,True,5.2500,3.8100,True,6.7500,2.3100,True
2018-09-14,77.8700,68.9800,8.8900,4.2500,4.6400,True,5.2500,3.6400,True,6.7500,2.1400,True
2018-09-17,78.2200,68.8600,9.3600,4.2500,5.1100,True,5.2500,4.1100,True,6.7500,2.6100,True
2018-09-18,79.2500,69.8700,9.3800,4.2500,5.1300,True,5.2500,4.1300,True,6.7500,2.6300,True
2018-09-19,79.4300,71.0800,8.3500,4.2500,4.1000,True,5.2500,3.1000,True,6.7500,1.6000,True
2018-09-20,79.0300,70.7700,8.2600,4.2500,4.0100,True,5.2500,3.0100,True,6.7500,1.5100,True
2018-09-21,78.9000,70.8000,8.1000,4.2500,3.8500,True,5.2500,2.8500,True,6.7500,1.3500,True
2018-09-24,80.8900,73.2300,7.6600,4.2500,3.4100,True,5.2500,2.4100,True,6.7500,0.9100,True
2018-09-25,82.2100,73.4000,8.8100,4.2500,4.5600,True,5.2500,3.5600,True,6.7500,2.0600,True
2018-09-26,81.8700,72.2200,9.6500,4.2500,5.4000,True,5.2500,4.4000,True,6.7500,2.9000,True
2018-09-27,81.5400,72.1800,9.3600,4.2500,5.1100,True,5.2500,4.1100,True,6.7500,2.6100,True
2018-09-28,82.7200,73.1600,9.5600,4.2500,5.3100,True,5.2500,4.3100,True,6.7500,2.8100,True
2018-10-01,84.9400,75.3700,9.5700,4.2500,5.3200,True,5.2500,4.3200,True,6.7500,2.8200,True
2018-10-02,85.6300,75.1600,10.4700,4.2500,6.2200,True,5.2500,5.2200,True,6.7500,3.7200,True
2018-10-03,85.4500,76.4000,9.0500,4.2500,4.8000,True,5.2500,3.8000,True,6.7500,2.3000,True
2018-10-04,86.0700,74.4400,11.6300,4.2500,7.3800,True,5.2500,6.3800,True,6.7500,4.8800,True
2018-10-05,85.1200,74.2600,10.8600,4.2500,6.6100,True,5.2500,5.6100,True,6.7500,4.1100,True
2018-10-08,84.2200,74.2700,9.9500,4.2500,5.7000,True,5.2500,4.7000,True,6.7500,3.2000,True
2018-10-09,85.1600,74.9500,10.2100,4.2500,5.9600,True,5.2500,4.9600,True,6.7500,3.4600,True
2018-10-10,83.8200,73.1800,10.6400,4.2500,6.3900,True,5.2500,5.3900,True,6.7500,3.8900,True
2018-10-11,81.3500,70.9700,10.3800,4.2500,6.1300,True,5.2500,5.1300,True,6.7500,3.6300,True
2018-10-12,80.7100,71.4100,9.3000,4.2500,5.0500,True,5.2500,4.0500,True,6.7500,2.5500,True
2018-10-15,80.9100,71.8400,9.0700,4.2500,4.8200,True,5.2500,3.8200,True,6.7500,2.3200,True
2018-10-16,80.5300,71.9300,8.6000,4.2500,4.3500,True,5.2500,3.3500,True,6.7500,1.8500,True
2018-10-17,79.9100,69.6300,10.2800,4.2500,6.0300,True,5.2500,5.0300,True,6.7500,3.5300,True
2018-10-18,80.3000,68.6300,11.6700,4.2500,7.4200,True,5.2500,6.4200,True,6.7500,4.9200,True
2018-10-19,80.3800,69.1600,11.2200,4.2500,6.9700,True,5.2500,5.9700,True,6.7500,4.4700,True
2018-10-22,80.4500,69.2500,11.2000,4.2500,6.9500,True,5.2500,5.9500,True,6.7500,4.4500,True
2018-10-23,78.6700,66.4900,12.1800,4.2500,7.9300,True,5.2500,6.9300,True,6.7500,5.4300,True
2018-10-24,77.3400,66.5600,10.7800,4.2500,6.5300,True,5.2500,5.5300,True,6.7500,4.0300,True
2018-10-25,77.3000,67.2500,10.0500,4.2500,5.8000,True,5.2500,4.8000,True,6.7500,3.3000,True
2018-10-26,77.4000,67.5800,9.8200,4.2500,5.5700,True,5.2500,4.5700,True,6.7500,3.0700,True
2018-10-29,77.5600,67.0000,10.5600,4.2500,6.3100,True,5.2500,5.3100,True,6.7500,3.8100,True
2018-10-30,75.6800,66.1800,9.5000,4.2500,5.2500,True,5.2500,4.2500,True,6.7500,2.7500,True
2018-10-31,74.8400,65.3100,9.5300,4.2500,5.2800,True,5.2500,4.2800,True,6.7500,2.7800,True
2018-11-01,71.2500,63.6700,7.5800,4.2500,3.3300,True,5.2500,2.3300,True,6.7500,0.8300,True
2018-11-02,71.1100,63.1200,7.9900,4.2500,3.7400,True,5.2500,2.7400,True,6.7500,1.2400,True
2018-11-05,72.6800,63.1200,9.5600,4.2500,5.3100,True,5.2500,4.3100,True,6.7500,2.8100,True
2018-11-06,70.6400,62.1600,8.4800,4.2500,4.2300,True,5.2500,3.2300,True,6.7500,1.7300,True
2018-11-07,70.1000,61.6900,8.4100,4.2500,4.1600,True,5.2500,3.1600,True,6.7500,1.6600,True
2018-11-08,69.2900,60.7100,8.5800,4.2500,4.3300,True,5.2500,3.3300,True,6.7500,1.8300,True
2018-11-09,69.0100,60.1900,8.8200,4.2500,4.5700,True,5.2500,3.5700,True,6.7500,2.0700,True
2018-11-12,69.8100,59.8500,9.9600,4.2500,5.7100,True,5.2500,4.7100,True,6.7500,3.2100,True
2018-11-13,65.4500,55.6300,9.8200,4.2500,5.5700,True,5.2500,4.5700,True,6.7500,3.0700,True
2018-11-14,64.8800,56.1600,8.7200,4.2500,4.4700,True,5.2500,3.4700,True,6.7500,1.9700,True
2018-11-15,65.6100,56.4500,9.1600,4.2500,4.9100,True,5.2500,3.9100,True,6.7500,2.4100,True
2018-11-16,65.2900,56.4900,8.8000,4.2500,4.5500,True,5.2500,3.5500,True,6.7500,2.0500,True
2018-11-19,64.1400,57.1600,6.9800,4.2500,2.7300,True,5.2500,1.7300,True,6.7500,0.2300,True
2018-11-20,61.5000,53.3900,8.1100,4.2500,3.8600,True,5.2500,2.8600,True,6.7500,1.3600,True
2018-11-21,61.6500,54.4100,7.2400,4.2500,2.9900,True,5.2500,1.9900,True,6.7500,0.4900,True
2018-11-26,59.7000,51.4600,8.2400,4.2500,3.9900,True,5.2500,2.9900,True,6.7500,1.4900,True
2018-11-27,59.5800,51.3100,8.2700,4.2500,4.0200,True,5.2500,3.0200,True,6.7500,1.5200,True
2018-11-28,57.9700,50.0600,7.9100,4.2500,3.6600,True,5.2500,2.6600,True,6.7500,1.1600,True
2018-11-29,58.2900,51.4600,6.8300,4.2500,2.5800,True,5.2500,1.5800,True,6.7500,0.0800,True
2018-11-30,57.7100,50.7800,6.9300,4.2500,2.6800,True,5.2500,1.6800,True,6.7500,0.1800,True
2018-12-03,60.1700,52.9800,7.1900,4.2500,2.9400,True,5.2500,1.9400,True,6.7500,0.4400,True
2018-12-04,61.2200,53.2100,8.0100,4.2500,3.7600,True,5.2500,2.7600,True,6.7500,1.2600,True
2018-12-05,61.4000,52.6400,8.7600,4.2500,4.5100,True,5.2500,3.5100,True,6.7500,2.0100,True
2018-12-06,57.8300,51.5400,6.2900,4.2500,2.0400,True,5.2500,1.0400,True,6.7500,-0.4600,False
2018-12-07,61.7100,52.7600,8.9500,4.2500,4.7000,True,5.2500,3.7000,True,6.7500,2.2000,True
2018-12-10,60.2900,51.0700,9.2200,4.2500,4.9700,True,5.2500,3.9700,True,6.7500,2.4700,True
2018-12-11,59.7300,51.6500,8.0800,4.2500,3.8300,True,5.2500,2.8300,True,6.7500,1.3300,True
2018-12-12,59.9400,51.0400,8.9000,4.2500,4.6500,True,5.2500,3.6500,True,6.7500,2.1500,True
2018-12-13,59.0300,52.6900,6.3400,4.2500,2.0900,True,5.2500,1.0900,True,6.7500,-0.4100,False
2018-12-14,58.5600,51.2600,7.3000,4.2500,3.0500,True,5.2500,2.0500,True,6.7500,0.5500,True
2018-12-17,57.5900,49.8000,7.7900,4.2500,3.5400,True,5.2500,2.5400,True,6.7500,1.0400,True
2018-12-18,55.2600,46.1200,9.1400,4.2500,4.8900,True,5.2500,3.8900,True,6.7500,2.3900,True
2018-12-19,55.6000,47.9600,7.6400,4.2500,3.3900,True,5.2500,2.3900,True,6.7500,0.8900,True
2018-12-20,52.8400,45.6400,7.2000,4.2500,2.9500,True,5.2500,1.9500,True,6.7500,0.4500,True
2018-12-21,51.9300,45.3800,6.5500,4.2500,2.3000,True,5.2500,1.3000,True,6.7500,-0.2000,False
2018-12-27,51.4900,44.4800,7.0100,4.2500,2.7600,True,5.2500,1.7600,True,6.7500,0.2600,True
2018-12-28,50.5700,45.1500,5.4200,4.2500,1.1700,True,5.2500,0.1700,True,6.7500,-1.3300,False
2019-01-02,54.0600,46.3100,7.7500,4.2500,3.5000,True,5.2500,2.5000,True,6.7500,1.0000,True
2019-01-03,53.2300,46.9200,6.3100,4.2500,2.0600,True,5.2500,1.0600,True,6.7500,-0.4400,False
2019-01-04,55.6400,47.7600,7.8800,4.2500,3.6300,True,5.2500,2.6300,True,6.7500,1.1300,True
2019-01-07,57.1000,48.2700,8.8300,4.2500,4.5800,True,5.2500,3.5800,True,6.7500,2.0800,True
2019-01-08,56.9100,49.5800,7.3300,4.2500,3.0800,True,5.2500,2.0800,True,6.7500,0.5800,True
2019-01-09,59.4600,52.1900,7.2700,4.2500,3.0200,True,5.2500,2.0200,True,6.7500,0.5200,True
2019-01-10,60.4700,52.4200,8.0500,4.2500,3.8000,True,5.2500,2.8000,True,6.7500,1.3000,True
2019-01-11,59.2400,51.4400,7.8000,4.2500,3.5500,True,5.2500,2.5500,True,6.7500,1.0500,True
2019-01-14,58.8000,50.3100,8.4900,4.2500,4.2400,True,5.2500,3.2400,True,6.7500,1.7400,True
2019-01-15,58.6500,51.8000,6.8500,4.2500,2.6000,True,5.2500,1.6000,True,6.7500,0.1000,True
2019-01-16,59.8100,52.0800,7.7300,4.2500,3.4800,True,5.2500,2.4800,True,6.7500,0.9800,True
2019-01-17,59.8500,51.8300,8.0200,4.2500,3.7700,True,5.2500,2.7700,True,6.7500,1.2700,True
2019-01-18,62.0400,53.6000,8.4400,4.2500,4.1900,True,5.2500,3.1900,True,6.7500,1.6900,True
2019-01-21,62.1800,51.8300,10.3500,4.2500,6.1000,True,5.2500,5.1000,True,6.7500,3.6000,True
2019-01-22,60.9000,52.5900,8.3100,4.2500,4.0600,True,5.2500,3.0600,True,6.7500,1.5600,True
2019-01-23,61.0500,52.4400,8.6100,4.2500,4.3600,True,5.2500,3.3600,True,6.7500,1.8600,True
2019-01-24,61.0900,52.9400,8.1500,4.2500,3.9000,True,5.2500,2.9000,True,6.7500,1.4000,True
2019-01-25,61.4900,53.5300,7.9600,4.2500,3.7100,True,5.2500,2.7100,True,6.7500,1.2100,True
2019-01-28,59.7100,51.7900,7.9200,4.2500,3.6700,True,5.2500,2.6700,True,6.7500,1.1700,True
2019-01-29,60.9800,53.0700,7.9100,4.2500,3.6600,True,5.2500,2.6600,True,6.7500,1.1600,True
2019-01-30,61.8900,54.1800,7.7100,4.2500,3.4600,True,5.2500,2.4600,True,6.7500,0.9600,True
2019-01-31,62.4600,53.8400,8.6200,4.2500,4.3700,True,5.2500,3.3700,True,6.7500,1.8700,True
2019-02-01,61.8600,55.2900,6.5700,4.2500,2.3200,True,5.2500,1.3200,True,6.7500,-0.1800,False
2019-02-04,62.2600,54.5700,7.6900,4.2500,3.4400,True,5.2500,2.4400,True,6.7500,0.9400,True
2019-02-05,61.6700,53.6900,7.9800,4.2500,3.7300,True,5.2500,2.7300,True,6.7500,1.2300,True
2019-02-06,62.2200,53.9400,8.2800,4.2500,4.0300,True,5.2500,3.0300,True,6.7500,1.5300,True
2019-02-07,61.0100,52.6800,8.3300,4.2500,4.0800,True,5.2500,3.0800,True,6.7500,1.5800,True
2019-02-08,61.3700,52.7500,8.6200,4.2500,4.3700,True,5.2500,3.3700,True,6.7500,1.8700,True
2019-02-11,61.3000,52.4300,8.8700,4.2500,4.6200,True,5.2500,3.6200,True,6.7500,2.1200,True
2019-02-12,62.5800,53.1400,9.4400,4.2500,5.1900,True,5.2500,4.1900,True,6.7500,2.6900,True
2019-02-13,63.2700,53.8400,9.4300,4.2500,5.1800,True,5.2500,4.1800,True,6.7500,2.6800,True
2019-02-14,64.0000,54.4000,9.6000,4.2500,5.3500,True,5.2500,4.3500,True,6.7500,2.8500,True
2019-02-15,65.6500,55.5800,10.0700,4.2500,5.8200,True,5.2500,4.8200,True,6.7500,3.3200,True
2019-02-18,66.4100,55.5800,10.8300,4.2500,6.5800,True,5.2500,5.5800,True,6.7500,4.0800,True
2019-02-19,65.8600,56.1200,9.7400,4.2500,5.4900,True,5.2500,4.4900,True,6.7500,2.9900,True
2019-02-20,66.8200,56.9000,9.9200,4.2500,5.6700,True,5.2500,4.6700,True,6.7500,3.1700,True
2019-02-21,66.9100,56.9500,9.9600,4.2500,5.7100,True,5.2500,4.7100,True,6.7500,3.2100,True
2019-02-22,66.9100,57.0100,9.9000,4.2500,5.6500,True,5.2500,4.6500,True,6.7500,3.1500,True
2019-02-25,64.0200,55.3200,8.7000,4.2500,4.4500,True,5.2500,3.4500,True,6.7500,1.9500,True
2019-02-26,64.5100,55.4000,9.1100,4.2500,4.8600,True,5.2500,3.8600,True,6.7500,2.3600,True
2019-02-27,65.5500,56.9200,8.6300,4.2500,4.3800,True,5.2500,3.3800,True,6.7500,1.8800,True
2019-02-28,65.0300,57.2100,7.8200,4.2500,3.5700,True,5.2500,2.5700,True,6.7500,1.0700,True
2019-03-01,63.7100,55.7600,7.9500,4.2500,3.7000,True,5.2500,2.7000,True,6.7500,1.2000,True
2019-03-04,64.4400,56.6000,7.8400,4.2500,3.5900,True,5.2500,2.5900,True,6.7500,1.0900,True
2019-03-05,64.2400,56.5500,7.6900,4.2500,3.4400,True,5.2500,2.4400,True,6.7500,0.9400,True
2019-03-06,64.5100,56.2200,8.2900,4.2500,4.0400,True,5.2500,3.0400,True,6.7500,1.5400,True
2019-03-07,64.8200,56.6000,8.2200,4.2500,3.9700,True,5.2500,2.9700,True,6.7500,1.4700,True
2019-03-08,65.6600,55.7700,9.8900,4.2500,5.6400,True,5.2500,4.6400,True,6.7500,3.1400,True
2019-03-11,65.0600,56.7900,8.2700,4.2500,4.0200,True,5.2500,3.0200,True,6.7500,1.5200,True
2019-03-12,65.3300,56.8900,8.4400,4.2500,4.1900,True,5.2500,3.1900,True,6.7500,1.6900,True
2019-03-13,65.8900,58.2700,7.6200,4.2500,3.3700,True,5.2500,2.3700,True,6.7500,0.8700,True
2019-03-14,66.1800,58.5900,7.5900,4.2500,3.3400,True,5.2500,2.3400,True,6.7500,0.8400,True
2019-03-15,66.1100,58.5100,7.6000,4.2500,3.3500,True,5.2500,2.3500,True,6.7500,0.8500,True
2019-03-18,66.6500,59.0900,7.5600,4.2500,3.3100,True,5.2500,2.3100,True,6.7500,0.8100,True
2019-03-19,67.1300,59.1200,8.0100,4.2500,3.7600,True,5.2500,2.7600,True,6.7500,1.2600,True
2019-03-20,68.3500,60.1200,8.2300,4.2500,3.9800,True,5.2500,2.9800,True,6.7500,1.4800,True
2019-03-21,68.3000,59.9800,8.3200,4.2500,4.0700,True,5.2500,3.0700,True,6.7500,1.5700,True
2019-03-22,66.2900,58.8700,7.4200,4.2500,3.1700,True,5.2500,2.1700,True,6.7500,0.6700,True
2019-03-25,67.3700,58.7100,8.6600,4.2500,4.4100,True,5.2500,3.4100,True,6.7500,1.9100,True
2019-03-26,67.5100,59.8700,7.6400,4.2500,3.3900,True,5.2500,2.3900,True,6.7500,0.8900,True
2019-03-27,67.3500,59.3900,7.9600,4.2500,3.7100,True,5.2500,2.7100,True,6.7500,1.2100,True
2019-03-28,66.0800,59.2900,6.7900,4.2500,2.5400,True,5.2500,1.5400,True,6.7500,0.0400,True
2019-03-29,67.9300,60.1900,7.7400,4.2500,3.4900,True,5.2500,2.4900,True,6.7500,0.9900,True
2019-04-01,69.0800,61.5900,7.4900,4.2500,3.2400,True,5.2500,2.2400,True,6.7500,0.7400,True
2019-04-02,69.6800,62.5300,7.1500,4.2500,2.9000,True,5.2500,1.9000,True,6.7500,0.4000,True
2019-04-03,69.2100,62.4600,6.7500,4.2500,2.5000,True,5.2500,1.5000,True,6.7500,-0.0000,False
2019-04-04,69.8000,62.1200,7.6800,4.2500,3.4300,True,5.2500,2.4300,True,6.7500,0.9300,True
2019-04-05,69.9300,63.1000,6.8300,4.2500,2.5800,True,5.2500,1.5800,True,6.7500,0.0800,True
2019-04-08,71.1200,64.3700,6.7500,4.2500,2.5000,True,5.2500,1.5000,True,6.7500,0.0000,False
2019-04-09,71.0200,64.0500,6.9700,4.2500,2.7200,True,5.2500,1.7200,True,6.7500,0.2200,True
2019-04-10,71.6300,64.6200,7.0100,4.2500,2.7600,True,5.2500,1.7600,True,6.7500,0.2600,True
2019-04-11,71.3000,63.6100,7.6900,4.2500,3.4400,True,5.2500,2.4400,True,6.7500,0.9400,True
2019-04-12,71.5700,63.8600,7.7100,4.2500,3.4600,True,5.2500,2.4600,True,6.7500,0.9600,True
2019-04-15,70.9000,63.4300,7.4700,4.2500,3.2200,True,5.2500,2.2200,True,6.7500,0.7200,True
2019-04-16,70.7400,64.0100,6.7300,4.2500,2.4800,True,5.2500,1.4800,True,6.7500,-0.0200,False
2019-04-17,71.1400,63.7400,7.4000,4.2500,3.1500,True,5.2500,2.1500,True,6.7500,0.6500,True
2019-04-18,70.7100,64.0200,6.6900,4.2500,2.4400,True,5.2500,1.4400,True,6.7500,-0.0600,False
2019-04-22,70.7100,65.6600,5.0500,4.2500,0.8000,True,5.2500,-0.2000,False,6.7500,-1.7000,False
2019-04-23,74.3900,66.2400,8.1500,4.2500,3.9000,True,5.2500,2.9000,True,6.7500,1.4000,True
2019-04-24,73.5900,65.9600,7.6300,4.2500,3.3800,True,5.2500,2.3800,True,6.7500,0.8800,True
2019-04-25,74.9400,65.2300,9.7100,4.2500,5.4600,True,5.2500,4.4600,True,6.7500,2.9600,True
2019-04-26,71.0300,63.2900,7.7400,4.2500,3.4900,True,5.2500,2.4900,True,6.7500,0.9900,True
2019-04-29,71.2200,63.3900,7.8300,4.2500,3.5800,True,5.2500,2.5800,True,6.7500,1.0800,True
2019-04-30,72.1900,63.8300,8.3600,4.2500,4.1100,True,5.2500,3.1100,True,6.7500,1.6100,True
2019-05-01,72.0100,63.5500,8.4600,4.2500,4.2100,True,5.2500,3.2100,True,6.7500,1.7100,True
2019-05-02,70.5600,61.7500,8.8100,4.2500,4.5600,True,5.2500,3.5600,True,6.7500,2.0600,True
2019-05-03,71.9500,61.9800,9.9700,4.2500,5.7200,True,5.2500,4.7200,True,6.7500,3.2200,True
2019-05-06,71.9500,62.3000,9.6500,4.2500,5.4000,True,5.2500,4.4000,True,6.7500,2.9000,True
2019-05-07,70.9800,61.4100,9.5700,4.2500,5.3200,True,5.2500,4.3200,True,6.7500,2.8200,True
2019-05-08,71.0900,62.1300,8.9600,4.2500,4.7100,True,5.2500,3.7100,True,6.7500,2.2100,True
2019-05-09,70.6100,61.5800,9.0300,4.2500,4.7800,True,5.2500,3.7800,True,6.7500,2.2800,True
2019-05-10,71.6300,61.6500,9.9800,4.2500,5.7300,True,5.2500,4.7300,True,6.7500,3.2300,True
2019-05-13,72.3500,60.9700,11.3800,4.2500,7.1300,True,5.2500,6.1300,True,6.7500,4.6300,True
2019-05-14,72.5300,61.8200,10.7100,4.2500,6.4600,True,5.2500,5.4600,True,6.7500,3.9600,True
2019-05-15,73.0900,62.0300,11.0600,4.2500,6.8100,True,5.2500,5.8100,True,6.7500,4.3100,True
2019-05-16,74.7000,62.9300,11.7700,4.2500,7.5200,True,5.2500,6.5200,True,6.7500,5.0200,True
2019-05-17,73.9400,62.7700,11.1700,4.2500,6.9200,True,5.2500,5.9200,True,6.7500,4.4200,True
2019-05-20,73.2100,63.1200,10.0900,4.2500,5.8400,True,5.2500,4.8400,True,6.7500,3.3400,True
2019-05-21,72.9400,63.0200,9.9200,4.2500,5.6700,True,5.2500,4.6700,True,6.7500,3.1700,True
2019-05-22,71.9400,61.4200,10.5200,4.2500,6.2700,True,5.2500,5.2700,True,6.7500,3.7700,True
2019-05-23,68.3700,57.6500,10.7200,4.2500,6.4700,True,5.2500,5.4700,True,6.7500,3.9700,True
2019-05-24,67.9800,58.4000,9.5800,4.2500,5.3300,True,5.2500,4.3300,True,6.7500,2.8300,True
2019-05-27,67.9800,58.4000,9.5800,4.2500,5.3300,True,5.2500,4.3300,True,6.7500,2.8300,True
2019-05-28,70.1900,58.9100,11.2800,4.2500,7.0300,True,5.2500,6.0300,True,6.7500,4.5300,True
2019-05-29,70.6400,58.8400,11.8000,4.2500,7.5500,True,5.2500,6.5500,True,6.7500,5.0500,True
2019-05-30,69.5500,56.4700,13.0800,4.2500,8.8300,True,5.2500,7.8300,True,6.7500,6.3300,True
2019-05-31,66.7800,53.4900,13.2900,4.2500,9.0400,True,5.2500,8.0400,True,6.7500,6.5400,True
2019-06-03,63.1600,53.2500,9.9100,4.2500,5.6600,True,5.2500,4.6600,True,6.7500,3.1600,True
2019-06-04,63.5600,53.5000,10.0600,4.2500,5.8100,True,5.2500,4.8100,True,6.7500,3.3100,True
2019-06-05,62.1400,51.5700,10.5700,4.2500,6.3200,True,5.2500,5.3200,True,6.7500,3.8200,True
2019-06-06,62.7700,52.5900,10.1800,4.2500,5.9300,True,5.2500,4.9300,True,6.7500,3.4300,True
2019-06-07,64.1000,53.9500,10.1500,4.2500,5.9000,True,5.2500,4.9000,True,6.7500,3.4000,True
2019-06-10,64.3100,53.3300,10.9800,4.2500,6.7300,True,5.2500,5.7300,True,6.7500,4.2300,True
2019-06-11,63.5600,53.3000,10.2600,4.2500,6.0100,True,5.2500,5.0100,True,6.7500,3.5100,True
2019-06-12,61.6600,51.1300,10.5300,4.2500,6.2800,True,5.2500,5.2800,True,6.7500,3.7800,True
2019-06-13,63.2800,52.3800,10.9000,4.2500,6.6500,True,5.2500,5.6500,True,6.7500,4.1500,True
2019-06-14,63.1300,52.4700,10.6600,4.2500,6.4100,True,5.2500,5.4100,True,6.7500,3.9100,True
2019-06-17,62.5600,51.9400,10.6200,4.2500,6.3700,True,5.2500,5.3700,True,6.7500,3.8700,True
2019-06-18,63.3500,53.8600,9.4900,4.2500,5.2400,True,5.2500,4.2400,True,6.7500,2.7400,True
2019-06-19,62.8500,53.7400,9.1100,4.2500,4.8600,True,5.2500,3.8600,True,6.7500,2.3600,True
2019-06-20,65.4400,56.8800,8.5600,4.2500,4.3100,True,5.2500,3.3100,True,6.7500,1.8100,True
2019-06-21,65.9900,57.3500,8.6400,4.2500,4.3900,True,5.2500,3.3900,True,6.7500,1.8900,True
2019-06-24,65.1600,57.7300,7.4300,4.2500,3.1800,True,5.2500,2.1800,True,6.7500,0.6800,True
2019-06-25,66.2400,57.6300,8.6100,4.2500,4.3600,True,5.2500,3.3600,True,6.7500,1.8600,True
2019-06-26,66.8500,59.1700,7.6800,4.2500,3.4300,True,5.2500,2.4300,True,6.7500,0.9300,True
2019-06-27,66.7800,59.1800,7.6000,4.2500,3.3500,True,5.2500,2.3500,True,6.7500,0.8500,True
2019-06-28,67.5200,58.2000,9.3200,4.2500,5.0700,True,5.2500,4.0700,True,6.7500,2.5700,True
2019-07-01,65.1000,58.9100,6.1900,4.2500,1.9400,True,5.2500,0.9400,True,6.7500,-0.5600,False
2019-07-02,62.7200,56.0000,6.7200,4.2500,2.4700,True,5.2500,1.4700,True,6.7500,-0.0300,False
2019-07-03,63.5300,57.0600,6.4700,4.2500,2.2200,True,5.2500,1.2200,True,6.7500,-0.2800,False
2019-07-08,64.8900,57.3500,7.5400,4.2500,3.2900,True,5.2500,2.2900,True,6.7500,0.7900,True
2019-07-09,64.3000,57.5700,6.7300,4.2500,2.4800,True,5.2500,1.4800,True,6.7500,-0.0200,False
2019-07-10,66.4100,60.2800,6.1300,4.2500,1.8800,True,5.2500,0.8800,True,6.7500,-0.6200,False
2019-07-11,67.6400,59.9300,7.7100,4.2500,3.4600,True,5.2500,2.4600,True,6.7500,0.9600,True
2019-07-12,66.6500,59.9900,6.6600,4.2500,2.4100,True,5.2500,1.4100,True,6.7500,-0.0900,False
2019-07-15,66.8600,59.3000,7.5600,4.2500,3.3100,True,5.2500,2.3100,True,6.7500,0.8100,True
2019-07-16,65.8700,57.4400,8.4300,4.2500,4.1800,True,5.2500,3.1800,True,6.7500,1.6800,True
2019-07-17,63.6700,56.5000,7.1700,4.2500,2.9200,True,5.2500,1.9200,True,6.7500,0.4200,True
2019-07-18,60.7000,55.0800,5.6200,4.2500,1.3700,True,5.2500,0.3700,True,6.7500,-1.1300,False
2019-07-19,61.0400,55.4200,5.6200,4.2500,1.3700,True,5.2500,0.3700,True,6.7500,-1.1300,False
2019-07-22,61.9600,55.8700,6.0900,4.2500,1.8400,True,5.2500,0.8400,True,6.7500,-0.6600,False
2019-07-23,62.2800,56.5800,5.7000,4.2500,1.4500,True,5.2500,0.4500,True,6.7500,-1.0500,False
2019-07-24,63.8300,55.9000,7.9300,4.2500,3.6800,True,5.2500,2.6800,True,6.7500,1.1800,True
2019-07-25,63.4700,55.8800,7.5900,4.2500,3.3400,True,5.2500,2.3400,True,6.7500,0.8400,True
2019-07-26,62.4600,56.0400,6.4200,4.2500,2.1700,True,5.2500,1.1700,True,6.7500,-0.3300,False
2019-07-29,62.2900,56.8500,5.4400,4.2500,1.1900,True,5.2500,0.1900,True,6.7500,-1.3100,False
2019-07-30,62.5500,58.0400,4.5100,4.2500,0.2600,True,5.2500,-0.7400,False,6.7500,-2.2400,False
2019-07-31,64.0700,58.5300,5.5400,4.2500,1.2900,True,5.2500,0.2900,True,6.7500,-1.2100,False
2019-08-01,62.9000,53.6400,9.2600,4.2500,5.0100,True,5.2500,4.0100,True,6.7500,2.5100,True
2019-08-02,61.1200,55.6700,5.4500,4.2500,1.2000,True,5.2500,0.2000,True,6.7500,-1.3000,False
2019-08-05,59.3200,54.6300,4.6900,4.2500,0.4400,True,5.2500,-0.5600,False,6.7500,-2.0600,False
2019-08-06,58.6300,53.6000,5.0300,4.2500,0.7800,True,5.2500,-0.2200,False,6.7500,-1.7200,False
2019-08-07,55.0300,51.1400,3.8900,4.2500,-0.3600,False,5.2500,-1.3600,False,6.7500,-2.8600,False
2019-08-08,56.2900,52.6000,3.6900,4.2500,-0.5600,False,5.2500,-1.5600,False,6.7500,-3.0600,False
2019-08-09,57.3700,54.4100,2.9600,4.2500,-1.2900,False,5.2500,-2.2900,False,6.7500,-3.7900,False
2019-08-12,57.1300,54.9800,2.1500,4.2500,-2.1000,False,5.2500,-3.1000,False,6.7500,-4.6000,False
2019-08-13,59.9000,57.0500,2.8500,4.2500,-1.4000,False,5.2500,-2.4000,False,6.7500,-3.9000,False
2019-08-14,57.8600,55.1600,2.7000,4.2500,-1.5500,False,5.2500,-2.5500,False,6.7500,-4.0500,False
2019-08-15,57.3700,54.5100,2.8600,4.2500,-1.3900,False,5.2500,-2.3900,False,6.7500,-3.8900,False
2019-08-16,59.0000,54.8300,4.1700,4.2500,-0.0800,False,5.2500,-1.0800,False,6.7500,-2.5800,False
2019-08-19,59.7900,56.2400,3.5500,4.2500,-0.7000,False,5.2500,-1.7000,False,6.7500,-3.2000,False
2019-08-20,59.0300,56.1800,2.8500,4.2500,-1.4000,False,5.2500,-2.4000,False,6.7500,-3.9000,False
2019-08-21,60.6000,55.6500,4.9500,4.2500,0.7000,True,5.2500,-0.3000,False,6.7500,-1.8000,False
2019-08-22,59.8100,55.3300,4.4800,4.2500,0.2300,True,5.2500,-0.7700,False,6.7500,-2.2700,False
2019-08-23,58.6400,54.0800,4.5600,4.2500,0.3100,True,5.2500,-0.6900,False,6.7500,-2.1900,False
2019-08-26,58.6400,53.5400,5.1000,4.2500,0.8500,True,5.2500,-0.1500,False,6.7500,-1.6500,False
2019-08-27,58.4400,54.9900,3.4500,4.2500,-0.8000,False,5.2500,-1.8000,False,6.7500,-3.3000,False
2019-08-28,60.4200,55.7600,4.6600,4.2500,0.4100,True,5.2500,-0.5900,False,6.7500,-2.0900,False
2019-08-29,60.5900,56.6700,3.9200,4.2500,-0.3300,False,5.2500,-1.3300,False,6.7500,-2.8300,False
2019-08-30,61.0400,55.0700,5.9700,4.2500,1.7200,True,5.2500,0.7200,True,6.7500,-0.7800,False
2019-09-02,58.5500,55.0700,3.4800,4.2500,-0.7700,False,5.2500,-1.7700,False,6.7500,-3.2700,False
2019-09-03,57.9300,53.9100,4.0200,4.2500,-0.2300,False,5.2500,-1.2300,False,6.7500,-2.7300,False
2019-09-04,60.6800,56.2200,4.4600,4.2500,0.2100,True,5.2500,-0.7900,False,6.7500,-2.2900,False
2019-09-05,62.7000,56.3300,6.3700,4.2500,2.1200,True,5.2500,1.1200,True,6.7500,-0.3800,False
2019-09-06,61.2800,56.4500,4.8300,4.2500,0.5800,True,5.2500,-0.4200,False,6.7500,-1.9200,False
2019-09-09,63.9900,57.8800,6.1100,4.2500,1.8600,True,5.2500,0.8600,True,6.7500,-0.6400,False
2019-09-10,64.6700,57.3700,7.3000,4.2500,3.0500,True,5.2500,2.0500,True,6.7500,0.5500,True
2019-09-11,63.0200,55.6600,7.3600,4.2500,3.1100,True,5.2500,2.1100,True,6.7500,0.6100,True
2019-09-12,60.7600,55.1300,5.6300,4.2500,1.3800,True,5.2500,0.3800,True,6.7500,-1.1200,False
2019-09-13,61.2500,54.7600,6.4900,4.2500,2.2400,True,5.2500,1.2400,True,6.7500,-0.2600,False
2019-09-16,68.4200,63.1000,5.3200,4.2500,1.0700,True,5.2500,0.0700,True,6.7500,-1.4300,False
2019-09-17,65.5900,59.2600,6.3300,4.2500,2.0800,True,5.2500,1.0800,True,6.7500,-0.4200,False
2019-09-18,64.2900,58.1900,6.1000,4.2500,1.8500,True,5.2500,0.8500,True,6.7500,-0.6500,False
2019-09-19,64.2500,58.1900,6.0600,4.2500,1.8100,True,5.2500,0.8100,True,6.7500,-0.6900,False
2019-09-20,65.2300,57.9200,7.3100,4.2500,3.0600,True,5.2500,2.0600,True,6.7500,0.5600,True
2019-09-23,64.6600,58.6900,5.9700,4.2500,1.7200,True,5.2500,0.7200,True,6.7500,-0.7800,False
2019-09-24,64.1300,57.2200,6.9100,4.2500,2.6600,True,5.2500,1.6600,True,6.7500,0.1600,True
2019-09-25,62.4100,56.3800,6.0300,4.2500,1.7800,True,5.2500,0.7800,True,6.7500,-0.7200,False
2019-09-26,62.0800,56.2400,5.8400,4.2500,1.5900,True,5.2500,0.5900,True,6.7500,-0.9100,False
2019-09-27,62.4800,55.9500,6.5300,4.2500,2.2800,True,5.2500,1.2800,True,6.7500,-0.2200,False
2019-09-30,60.9900,54.0900,6.9000,4.2500,2.6500,True,5.2500,1.6500,True,6.7500,0.1500,True
2019-10-01,60.0600,53.6000,6.4600,4.2500,2.2100,True,5.2500,1.2100,True,6.7500,-0.2900,False
2019-10-02,57.9200,52.6700,5.2500,4.2500,1.0000,True,5.2500,0.0000,False,6.7500,-1.5000,False
2019-10-03,58.0100,52.4100,5.6000,4.2500,1.3500,True,5.2500,0.3500,True,6.7500,-1.1500,False
2019-10-04,59.1300,52.8400,6.2900,4.2500,2.0400,True,5.2500,1.0400,True,6.7500,-0.4600,False
2019-10-07,59.4600,52.7600,6.7000,4.2500,2.4500,True,5.2500,1.4500,True,6.7500,-0.0500,False
2019-10-08,58.1400,52.6400,5.5000,4.2500,1.2500,True,5.2500,0.2500,True,6.7500,-1.2500,False
2019-10-09,59.7000,52.6300,7.0700,4.2500,2.8200,True,5.2500,1.8200,True,6.7500,0.3200,True
2019-10-10,59.0800,53.5700,5.5100,4.2500,1.2600,True,5.2500,0.2600,True,6.7500,-1.2400,False
2019-10-11,60.5900,54.7600,5.8300,4.2500,1.5800,True,5.2500,0.5800,True,6.7500,-0.9200,False
2019-10-14,58.8100,53.5700,5.2400,4.2500,0.9900,True,5.2500,-0.0100,False,6.7500,-1.5100,False
2019-10-15,59.1900,52.8100,6.3800,4.2500,2.1300,True,5.2500,1.1300,True,6.7500,-0.3700,False
2019-10-16,59.3000,53.4200,5.8800,4.2500,1.6300,True,5.2500,0.6300,True,6.7500,-0.8700,False
2019-10-17,59.3500,53.8900,5.4600,4.2500,1.2100,True,5.2500,0.2100,True,6.7500,-1.2900,False
2019-10-18,59.9600,53.7500,6.2100,4.2500,1.9600,True,5.2500,0.9600,True,6.7500,-0.5400,False
2019-10-21,58.9500,53.2800,5.6700,4.2500,1.4200,True,5.2500,0.4200,True,6.7500,-1.0800,False
2019-10-22,60.5000,54.2100,6.2900,4.2500,2.0400,True,5.2500,1.0400,True,6.7500,-0.4600,False
2019-10-23,60.5200,55.9000,4.6200,4.2500,0.3700,True,5.2500,-0.6300,False,6.7500,-2.1300,False
2019-10-24,61.7100,56.1100,5.6000,4.2500,1.3500,True,5.2500,0.3500,True,6.7500,-1.1500,False
2019-10-25,62.0600,56.5200,5.5400,4.2500,1.2900,True,5.2500,0.2900,True,6.7500,-1.2100,False
2019-10-28,60.3900,55.6000,4.7900,4.2500,0.5400,True,5.2500,-0.4600,False,6.7500,-1.9600,False
2019-10-29,61.0500,55.3400,5.7100,4.2500,1.4600,True,5.2500,0.4600,True,6.7500,-1.0400,False
2019-10-30,60.2200,54.8500,5.3700,4.2500,1.1200,True,5.2500,0.1200,True,6.7500,-1.3800,False
2019-10-31,59.3000,54.0200,5.2800,4.2500,1.0300,True,5.2500,0.0300,True,6.7500,-1.4700,False
2019-11-01,60.1700,56.0400,4.1300,4.2500,-0.1200,False,5.2500,-1.1200,False,6.7500,-2.6200,False
2019-11-04,62.5200,56.3300,6.1900,4.2500,1.9400,True,5.2500,0.9400,True,6.7500,-0.5600,False
2019-11-05,62.7200,57.0400,5.6800,4.2500,1.4300,True,5.2500,0.4300,True,6.7500,-1.0700,False
2019-11-06,62.1100,56.1500,5.9600,4.2500,1.7100,True,5.2500,0.7100,True,6.7500,-0.7900,False
2019-11-07,62.6000,56.9100,5.6900,4.2500,1.4400,True,5.2500,0.4400,True,6.7500,-1.0600,False
2019-11-08,62.0000,57.0200,4.9800,4.2500,0.7300,True,5.2500,-0.2700,False,6.7500,-1.7700,False
2019-11-11,62.5800,56.6100,5.9700,4.2500,1.7200,True,5.2500,0.7200,True,6.7500,-0.7800,False
2019-11-12,62.1900,56.6700,5.5200,4.2500,1.2700,True,5.2500,0.2700,True,6.7500,-1.2300,False
2019-11-13,62.2700,56.8800,5.3900,4.2500,1.1400,True,5.2500,0.1400,True,6.7500,-1.3600,False
2019-11-14,62.4600,56.5700,5.8900,4.2500,1.6400,True,5.2500,0.6400,True,6.7500,-0.8600,False
2019-11-15,63.3200,57.5400,5.7800,4.2500,1.5300,True,5.2500,0.5300,True,6.7500,-0.9700,False
2019-11-18,62.8200,56.8200,6.0000,4.2500,1.7500,True,5.2500,0.7500,True,6.7500,-0.7500,False
2019-11-19,62.3700,54.9300,7.4400,4.2500,3.1900,True,5.2500,2.1900,True,6.7500,0.6900,True
2019-11-20,63.8000,56.7100,7.0900,4.2500,2.8400,True,5.2500,1.8400,True,6.7500,0.3400,True
2019-11-21,64.9900,58.3600,6.6300,4.2500,2.3800,True,5.2500,1.3800,True,6.7500,-0.1200,False
2019-11-22,64.8300,57.6800,7.1500,4.2500,2.9000,True,5.2500,1.9000,True,6.7500,0.4000,True
2019-11-25,64.6700,57.7900,6.8800,4.2500,2.6300,True,5.2500,1.6300,True,6.7500,0.1300,True
2019-11-26,64.8200,58.2500,6.5700,4.2500,2.3200,True,5.2500,1.3200,True,6.7500,-0.1800,False
2019-11-27,65.0300,58.1200,6.9100,4.2500,2.6600,True,5.2500,1.6600,True,6.7500,0.1600,True
2019-11-29,64.5000,58.1200,6.3800,4.2500,2.1300,True,5.2500,1.1300,True,6.7500,-0.3700,False
2019-12-02,63.2000,55.9700,7.2300,4.2500,2.9800,True,5.2500,1.9800,True,6.7500,0.4800,True
2019-12-03,62.9500,56.1500,6.8000,4.2500,2.5500,True,5.2500,1.5500,True,6.7500,0.0500,True
2019-12-04,65.2500,58.4600,6.7900,4.2500,2.5400,True,5.2500,1.5400,True,6.7500,0.0400,True
2019-12-05,65.6700,58.4200,7.2500,4.2500,3.0000,True,5.2500,2.0000,True,6.7500,0.5000,True
2019-12-06,66.5000,59.2000,7.3000,4.2500,3.0500,True,5.2500,2.0500,True,6.7500,0.5500,True
2019-12-09,66.4400,58.9900,7.4500,4.2500,3.2000,True,5.2500,2.2000,True,6.7500,0.7000,True
2019-12-10,66.5700,59.2200,7.3500,4.2500,3.1000,True,5.2500,2.1000,True,6.7500,0.6000,True
2019-12-11,65.3700,58.7400,6.6300,4.2500,2.3800,True,5.2500,1.3800,True,6.7500,-0.1200,False
2019-12-12,66.6700,59.1800,7.4900,4.2500,3.2400,True,5.2500,2.2400,True,6.7500,0.7400,True
2019-12-13,67.4400,60.1100,7.3300,4.2500,3.0800,True,5.2500,2.0800,True,6.7500,0.5800,True
2019-12-16,68.0400,60.2100,7.8300,4.2500,3.5800,True,5.2500,2.5800,True,6.7500,1.0800,True
2019-12-17,68.9900,60.8800,8.1100,4.2500,3.8600,True,5.2500,2.8600,True,6.7500,1.3600,True
2019-12-18,69.1200,60.9300,8.1900,4.2500,3.9400,True,5.2500,2.9400,True,6.7500,1.4400,True
2019-12-19,69.7000,61.3000,8.4000,4.2500,4.1500,True,5.2500,3.1500,True,6.7500,1.6500,True
2019-12-20,68.6600,60.4300,8.2300,4.2500,3.9800,True,5.2500,2.9800,True,6.7500,1.4800,True
2019-12-23,67.4900,60.5100,6.9800,4.2500,2.7300,True,5.2500,1.7300,True,6.7500,0.2300,True
2019-12-24,69.2600,61.1700,8.0900,4.2500,3.8400,True,5.2500,2.8400,True,6.7500,1.3400,True
2019-12-25,69.2600,61.1700,8.0900,4.2500,3.8400,True,5.2500,2.8400,True,6.7500,1.3400,True
2019-12-26,69.2600,61.7200,7.5400,4.2500,3.2900,True,5.2500,2.2900,True,6.7500,0.7900,True
2019-12-27,68.9100,61.7600,7.1500,4.2500,2.9000,True,5.2500,1.9000,True,6.7500,0.4000,True
2019-12-30,68.3000,61.6600,6.6400,4.2500,2.3900,True,5.2500,1.3900,True,6.7500,-0.1100,False
2019-12-31,67.7700,61.1400,6.6300,4.2500,2.3800,True,5.2500,1.3800,True,6.7500,-0.1200,False
2020-01-02,67.0500,61.1700,5.8800,4.2500,1.6300,True,5.2500,0.6300,True,6.7500,-0.8700,False
2020-01-03,69.0800,63.0000,6.0800,4.2500,1.8300,True,5.2500,0.8300,True,6.7500,-0.6700,False
2020-01-06,70.2500,63.2700,6.9800,4.2500,2.7300,True,5.2500,1.7300,True,6.7500,0.2300,True
2020-01-07,68.7400,62.7000,6.0400,4.2500,1.7900,True,5.2500,0.7900,True,6.7500,-0.7100,False
2020-01-08,67.3100,59.6500,7.6600,4.2500,3.4100,True,5.2500,2.4100,True,6.7500,0.9100,True
2020-01-09,66.5800,59.5600,7.0200,4.2500,2.7700,True,5.2500,1.7700,True,6.7500,0.2700,True
2020-01-10,66.7700,59.0200,7.7500,4.2500,3.5000,True,5.2500,2.5000,True,6.7500,1.0000,True
2020-01-13,64.1400,58.1700,5.9700,4.2500,1.7200,True,5.2500,0.7200,True,6.7500,-0.7800,False
2020-01-14,64.4500,58.3400,6.1100,4.2500,1.8600,True,5.2500,0.8600,True,6.7500,-0.6400,False
2020-01-15,63.2900,57.8600,5.4300,4.2500,1.1800,True,5.2500,0.1800,True,6.7500,-1.3200,False
2020-01-16,64.6300,58.5200,6.1100,4.2500,1.8600,True,5.2500,0.8600,True,6.7500,-0.6400,False
2020-01-17,64.0500,58.5500,5.5000,4.2500,1.2500,True,5.2500,0.2500,True,6.7500,-1.2500,False
2020-01-21,63.6600,58.2500,5.4100,4.2500,1.1600,True,5.2500,0.1600,True,6.7500,-1.3400,False
2020-01-22,62.1100,56.7600,5.3500,4.2500,1.1000,True,5.2500,0.1000,True,6.7500,-1.4000,False
2020-01-23,61.2600,55.5100,5.7500,4.2500,1.5000,True,5.2500,0.5000,True,6.7500,-1.0000,False
2020-01-24,59.3400,54.0900,5.2500,4.2500,1.0000,True,5.2500,0.0000,False,6.7500,-1.5000,False
2020-01-27,58.5400,53.0900,5.4500,4.2500,1.2000,True,5.2500,0.2000,True,6.7500,-1.3000,False
2020-01-28,59.3700,53.3300,6.0400,4.2500,1.7900,True,5.2500,0.7900,True,6.7500,-0.7100,False
2020-01-29,59.4600,53.2900,6.1700,4.2500,1.9200,True,5.2500,0.9200,True,6.7500,-0.5800,False
2020-01-30,57.7200,52.1900,5.5300,4.2500,1.2800,True,5.2500,0.2800,True,6.7500,-1.2200,False
2020-01-31,57.7700,51.5800,6.1900,4.2500,1.9400,True,5.2500,0.9400,True,6.7500,-0.5600,False
2020-02-03,54.0000,50.0600,3.9400,4.2500,-0.3100,False,5.2500,-1.3100,False,6.7500,-2.8100,False
2020-02-04,53.9000,49.5900,4.3100,4.2500,0.0600,True,5.2500,-0.9400,False,6.7500,-2.4400,False
2020-02-05,55.3600,50.8700,4.4900,4.2500,0.2400,True,5.2500,-0.7600,False,6.7500,-2.2600,False
2020-02-06,55.1800,50.9400,4.2400,4.2500,-0.0100,False,5.2500,-1.0100,False,6.7500,-2.5100,False
2020-02-07,54.5300,50.3400,4.1900,4.2500,-0.0600,False,5.2500,-1.0600,False,6.7500,-2.5600,False
2020-02-10,53.3900,49.5900,3.8000,4.2500,-0.4500,False,5.2500,-1.4500,False,6.7500,-2.9500,False
2020-02-11,54.0000,50.0000,4.0000,4.2500,-0.2500,False,5.2500,-1.2500,False,6.7500,-2.7500,False
2020-02-12,55.5400,51.1300,4.4100,4.2500,0.1600,True,5.2500,-0.8400,False,6.7500,-2.3400,False
2020-02-13,56.3400,51.4100,4.9300,4.2500,0.6800,True,5.2500,-0.3200,False,6.7500,-1.8200,False
2020-02-14,57.3700,52.0300,5.3400,4.2500,1.0900,True,5.2500,0.0900,True,6.7500,-1.4100,False
2020-02-18,57.3500,52.1000,5.2500,4.2500,1.0000,True,5.2500,0.0000,False,6.7500,-1.5000,False
2020-02-19,59.7200,53.3100,6.4100,4.2500,2.1600,True,5.2500,1.1600,True,6.7500,-0.3400,False
2020-02-20,59.5700,53.7700,5.8000,4.2500,1.5500,True,5.2500,0.5500,True,6.7500,-0.9500,False
2020-02-21,58.6000,53.3600,5.2400,4.2500,0.9900,True,5.2500,-0.0100,False,6.7500,-1.5100,False
2020-02-24,56.7100,51.3600,5.3500,4.2500,1.1000,True,5.2500,0.1000,True,6.7500,-1.4000,False
2020-02-25,55.2900,49.7800,5.5100,4.2500,1.2600,True,5.2500,0.2600,True,6.7500,-1.2400,False
2020-02-26,54.9600,48.6700,6.2900,4.2500,2.0400,True,5.2500,1.0400,True,6.7500,-0.4600,False
2020-02-27,52.1900,47.1700,5.0200,4.2500,0.7700,True,5.2500,-0.2300,False,6.7500,-1.7300,False
2020-02-28,51.3100,44.8300,6.4800,4.2500,2.2300,True,5.2500,1.2300,True,6.7500,-0.2700,False
2020-03-02,52.5200,46.7800,5.7400,4.2500,1.4900,True,5.2500,0.4900,True,6.7500,-1.0100,False
2020-03-03,52.2400,47.2700,4.9700,4.2500,0.7200,True,5.2500,-0.2800,False,6.7500,-1.7800,False
2020-03-04,51.8600,46.7800,5.0800,4.2500,0.8300,True,5.2500,-0.1700,False,6.7500,-1.6700,False
2020-03-05,51.2900,45.9000,5.3900,4.2500,1.1400,True,5.2500,0.1400,True,6.7500,-1.3600,False
2020-03-06,45.6000,41.1400,4.4600,4.2500,0.2100,True,5.2500,-0.7900,False,6.7500,-2.2900,False
2020-03-09,35.3300,31.0500,4.2800,4.2500,0.0300,True,5.2500,-0.9700,False,6.7500,-2.4700,False
2020-03-10,35.5700,34.4700,1.1000,4.2500,-3.1500,False,5.2500,-4.1500,False,6.7500,-5.6500,False
2020-03-11,34.4500,33.1300,1.3200,4.2500,-2.9300,False,5.2500,-3.9300,False,6.7500,-5.4300,False
2020-03-12,31.0200,31.5600,-0.5400,4.2500,-4.7900,False,5.2500,-5.7900,False,6.7500,-7.2900,False
2020-03-13,32.2500,31.7200,0.5300,4.2500,-3.7200,False,5.2500,-4.7200,False,6.7500,-6.2200,False
2020-03-16,27.9800,28.9600,-0.9800,4.2500,-5.2300,False,5.2500,-6.2300,False,6.7500,-7.7300,False
2020-03-17,27.9700,26.9600,1.0100,4.2500,-3.2400,False,5.2500,-4.2400,False,6.7500,-5.7400,False
2020-03-18,22.7900,20.4800,2.3100,4.2500,-1.9400,False,5.2500,-2.9400,False,6.7500,-4.4400,False
2020-03-19,23.9800,25.0900,-1.1100,4.2500,-5.3600,False,5.2500,-6.3600,False,6.7500,-7.8600,False
2020-03-20,25.5500,19.4800,6.0700,4.2500,1.8200,True,5.2500,0.8200,True,6.7500,-0.6800,False
2020-03-23,23.7500,23.3300,0.4200,4.2500,-3.8300,False,5.2500,-4.8300,False,6.7500,-6.3300,False
2020-03-24,24.5000,21.0300,3.4700,4.2500,-0.7800,False,5.2500,-1.7800,False,6.7500,-3.2800,False
2020-03-25,25.6200,20.7500,4.8700,4.2500,0.6200,True,5.2500,-0.3800,False,6.7500,-1.8800,False
2020-03-26,23.5500,16.6000,6.9500,4.2500,2.7000,True,5.2500,1.7000,True,6.7500,0.2000,True
2020-03-27,22.3900,15.4800,6.9100,4.2500,2.6600,True,5.2500,1.6600,True,6.7500,0.1600,True
2020-03-30,19.1900,14.1000,5.0900,4.2500,0.8400,True,5.2500,-0.1600,False,6.7500,-1.6600,False
2020-03-31,14.8500,20.5100,-5.6600,4.2500,-9.9100,False,5.2500,-10.9100,False,6.7500,-12.4100,False
2020-04-01,14.9700,20.2800,-5.3100,4.2500,-9.5600,False,5.2500,-10.5600,False,6.7500,-12.0600,False
2020-04-02,20.2400,25.1800,-4.9400,4.2500,-9.1900,False,5.2500,-10.1900,False,6.7500,-11.6900,False
2020-04-03,24.3300,28.3600,-4.0300,4.2500,-8.2800,False,5.2500,-9.2800,False,6.7500,-10.7800,False
2020-04-06,22.5800,26.2100,-3.6300,4.2500,-7.8800,False,5.2500,-8.8800,False,6.7500,-10.3800,False
2020-04-07,22.1000,23.5400,-1.4400,4.2500,-5.6900,False,5.2500,-6.6900,False,6.7500,-8.1900,False
2020-04-08,25.2200,24.9700,0.2500,4.2500,-4.0000,False,5.2500,-5.0000,False,6.7500,-6.5000,False
2020-04-09,20.2300,22.9000,-2.6700,4.2500,-6.9200,False,5.2500,-7.9200,False,6.7500,-9.4200,False
2020-04-14,21.7400,20.1500,1.5900,4.2500,-2.6600,False,5.2500,-3.6600,False,6.7500,-5.1600,False
2020-04-15,19.8000,19.9600,-0.1600,4.2500,-4.4100,False,5.2500,-5.4100,False,6.7500,-6.9100,False
2020-04-16,18.6900,19.8200,-1.1300,4.2500,-5.3800,False,5.2500,-6.3800,False,6.7500,-7.8800,False
2020-04-17,19.7500,18.3100,1.4400,4.2500,-2.8100,False,5.2500,-3.8100,False,6.7500,-5.3100,False
2020-04-20,17.3600,-36.9800,54.3400,4.2500,50.0900,True,5.2500,49.0900,True,6.7500,47.5900,True
2020-04-21,9.1200,8.9100,0.2100,4.2500,-4.0400,False,5.2500,-5.0400,False,6.7500,-6.5400,False
2020-04-22,13.7700,13.6400,0.1300,4.2500,-4.1200,False,5.2500,-5.1200,False,6.7500,-6.6200,False
2020-04-23,15.0600,15.0600,0.0000,4.2500,-4.2500,False,5.2500,-5.2500,False,6.7500,-6.7500,False
2020-04-24,15.8700,15.9900,-0.1200,4.2500,-4.3700,False,5.2500,-5.3700,False,6.7500,-6.8700,False
2020-04-27,15.1700,12.1700,3.0000,4.2500,-1.2500,False,5.2500,-2.2500,False,6.7500,-3.7500,False
2020-04-28,15.6000,12.4000,3.2000,4.2500,-1.0500,False,5.2500,-2.0500,False,6.7500,-3.5500,False
2020-04-29,17.8600,15.0400,2.8200,4.2500,-1.4300,False,5.2500,-2.4300,False,6.7500,-3.9300,False
2020-04-30,18.1100,19.2300,-1.1200,4.2500,-5.3700,False,5.2500,-6.3700,False,6.7500,-7.8700,False
2020-05-01,18.4900,19.7200,-1.2300,4.2500,-5.4800,False,5.2500,-6.4800,False,6.7500,-7.9800,False
2020-05-04,20.4000,20.4700,-0.0700,4.2500,-4.3200,False,5.2500,-5.3200,False,6.7500,-6.8200,False
2020-05-05,25.4600,24.5600,0.9000,4.2500,-3.3500,False,5.2500,-4.3500,False,6.7500,-5.8500,False
2020-05-06,24.2000,23.8800,0.3200,4.2500,-3.9300,False,5.2500,-4.9300,False,6.7500,-6.4300,False
2020-05-07,24.2300,23.6800,0.5500,4.2500,-3.7000,False,5.2500,-4.7000,False,6.7500,-6.2000,False
2020-05-11,25.5300,24.0200,1.5100,4.2500,-2.7400,False,5.2500,-3.7400,False,6.7500,-5.2400,False
2020-05-12,26.6700,25.7600,0.9100,4.2500,-3.3400,False,5.2500,-4.3400,False,6.7500,-5.8400,False
2020-05-13,27.8900,25.3700,2.5200,4.2500,-1.7300,False,5.2500,-2.7300,False,6.7500,-4.2300,False
2020-05-14,29.8700,27.4000,2.4700,4.2500,-1.7800,False,5.2500,-2.7800,False,6.7500,-4.2800,False
2020-05-15,30.9500,29.4400,1.5100,4.2500,-2.7400,False,5.2500,-3.7400,False,6.7500,-5.2400,False
2020-05-18,33.3000,31.8300,1.4700,4.2500,-2.7800,False,5.2500,-3.7800,False,6.7500,-5.2800,False
2020-05-19,33.0600,32.3000,0.7600,4.2500,-3.4900,False,5.2500,-4.4900,False,6.7500,-5.9900,False
2020-05-20,34.7600,33.5600,1.2000,4.2500,-3.0500,False,5.2500,-4.0500,False,6.7500,-5.5500,False
2020-05-21,34.7800,34.3000,0.4800,4.2500,-3.7700,False,5.2500,-4.7700,False,6.7500,-6.2700,False
2020-05-22,33.8000,33.4900,0.3100,4.2500,-3.9400,False,5.2500,-4.9400,False,6.7500,-6.4400,False
2020-05-26,33.9500,34.7000,-0.7500,4.2500,-5.0000,False,5.2500,-6.0000,False,6.7500,-7.5000,False
2020-05-27,32.7300,32.8000,-0.0700,4.2500,-4.3200,False,5.2500,-5.3200,False,6.7500,-6.8200,False
2020-05-28,33.9800,33.6700,0.3100,4.2500,-3.9400,False,5.2500,-4.9400,False,6.7500,-6.4400,False
2020-05-29,34.1500,35.5700,-1.4200,4.2500,-5.6700,False,5.2500,-6.6700,False,6.7500,-8.1700,False
2020-06-01,36.7400,35.4900,1.2500,4.2500,-3.0000,False,5.2500,-4.0000,False,6.7500,-5.5000,False
2020-06-02,37.7200,36.8800,0.8400,4.2500,-3.4100,False,5.2500,-4.4100,False,6.7500,-5.9100,False
2020-06-03,37.9800,37.3300,0.6500,4.2500,-3.6000,False,5.2500,-4.6000,False,6.7500,-6.1000,False
2020-06-04,38.4100,37.4200,0.9900,4.2500,-3.2600,False,5.2500,-4.2600,False,6.7500,-5.7600,False
2020-06-05,41.0000,39.4900,1.5100,4.2500,-2.7400,False,5.2500,-3.7400,False,6.7500,-5.2400,False
2020-06-08,39.6600,38.1700,1.4900,4.2500,-2.7600,False,5.2500,-3.7600,False,6.7500,-5.2600,False
2020-06-09,40.4500,38.9800,1.4700,4.2500,-2.7800,False,5.2500,-3.7800,False,6.7500,-5.2800,False
2020-06-10,41.1800,39.5400,1.6400,4.2500,-2.6100,False,5.2500,-3.6100,False,6.7500,-5.1100,False
2020-06-11,37.7600,36.4300,1.3300,4.2500,-2.9200,False,5.2500,-3.9200,False,6.7500,-5.4200,False
2020-06-12,38.5400,36.2400,2.3000,4.2500,-1.9500,False,5.2500,-2.9500,False,6.7500,-4.4500,False
2020-06-15,39.4400,37.0700,2.3700,4.2500,-1.8800,False,5.2500,-2.8800,False,6.7500,-4.3800,False
2020-06-16,40.7500,38.2600,2.4900,4.2500,-1.7600,False,5.2500,-2.7600,False,6.7500,-4.2600,False
2020-06-17,40.4700,37.9100,2.5600,4.2500,-1.6900,False,5.2500,-2.6900,False,6.7500,-4.1900,False
2020-06-18,41.7500,38.7900,2.9600,4.2500,-1.2900,False,5.2500,-2.2900,False,6.7500,-3.7900,False
2020-06-19,42.3300,39.7200,2.6100,4.2500,-1.6400,False,5.2500,-2.6400,False,6.7500,-4.1400,False
2020-06-22,43.2000,40.6000,2.6000,4.2500,-1.6500,False,5.2500,-2.6500,False,6.7500,-4.1500,False
2020-06-23,42.7200,40.4000,2.3200,4.2500,-1.9300,False,5.2500,-2.9300,False,6.7500,-4.4300,False
2020-06-24,40.4000,37.9100,2.4900,4.2500,-1.7600,False,5.2500,-2.7600,False,6.7500,-4.2600,False
2020-06-25,41.1800,38.6600,2.5200,4.2500,-1.7300,False,5.2500,-2.7300,False,6.7500,-4.2300,False
2020-06-26,40.9700,38.5300,2.4400,4.2500,-1.8100,False,5.2500,-2.8100,False,6.7500,-4.3100,False
2020-06-29,41.5800,39.6700,1.9100,4.2500,-2.3400,False,5.2500,-3.3400,False,6.7500,-4.8400,False
2020-06-30,41.6400,39.2700,2.3700,4.2500,-1.8800,False,5.2500,-2.8800,False,6.7500,-4.3800,False
2020-07-01,42.1800,39.8800,2.3000,4.2500,-1.9500,False,5.2500,-2.9500,False,6.7500,-4.4500,False
2020-07-02,43.1900,40.5700,2.6200,4.2500,-1.6300,False,5.2500,-2.6300,False,6.7500,-4.1300,False
2020-07-06,42.7300,40.5100,2.2200,4.2500,-2.0300,False,5.2500,-3.0300,False,6.7500,-4.5300,False
2020-07-07,43.2800,40.5900,2.6900,4.2500,-1.5600,False,5.2500,-2.5600,False,6.7500,-4.0600,False
2020-07-08,43.6700,40.9100,2.7600,4.2500,-1.4900,False,5.2500,-2.4900,False,6.7500,-3.9900,False
2020-07-09,42.3500,39.6400,2.7100,4.2500,-1.5400,False,5.2500,-2.5400,False,6.7500,-4.0400,False
2020-07-10,43.2700,40.5600,2.7100,4.2500,-1.5400,False,5.2500,-2.5400,False,6.7500,-4.0400,False
2020-07-13,42.8500,40.0600,2.7900,4.2500,-1.4600,False,5.2500,-2.4600,False,6.7500,-3.9600,False
2020-07-14,42.9700,40.3000,2.6700,4.2500,-1.5800,False,5.2500,-2.5800,False,6.7500,-4.0800,False
2020-07-15,43.9600,41.2000,2.7600,4.2500,-1.4900,False,5.2500,-2.4900,False,6.7500,-3.9900,False
2020-07-16,43.7100,40.7400,2.9700,4.2500,-1.2800,False,5.2500,-2.2800,False,6.7500,-3.7800,False
2020-07-17,43.5300,40.5500,2.9800,4.2500,-1.2700,False,5.2500,-2.2700,False,6.7500,-3.7700,False
2020-07-20,43.3000,40.8300,2.4700,4.2500,-1.7800,False,5.2500,-2.7800,False,6.7500,-4.2800,False
2020-07-21,44.3100,41.7600,2.5500,4.2500,-1.7000,False,5.2500,-2.7000,False,6.7500,-4.2000,False
2020-07-22,43.9800,41.8800,2.1000,4.2500,-2.1500,False,5.2500,-3.1500,False,6.7500,-4.6500,False
2020-07-23,42.9600,40.9900,1.9700,4.2500,-2.2800,False,5.2500,-3.2800,False,6.7500,-4.7800,False
2020-07-24,43.2900,41.2300,2.0600,4.2500,-2.1900,False,5.2500,-3.1900,False,6.7500,-4.6900,False
2020-07-27,43.3900,41.4600,1.9300,4.2500,-2.3200,False,5.2500,-3.3200,False,6.7500,-4.8200,False
2020-07-28,43.1100,40.8900,2.2200,4.2500,-2.0300,False,5.2500,-3.0300,False,6.7500,-4.5300,False
2020-07-29,43.5100,41.1300,2.3800,4.2500,-1.8700,False,5.2500,-2.8700,False,6.7500,-4.3700,False
2020-07-30,42.9800,39.8500,3.1300,4.2500,-1.1200,False,5.2500,-2.1200,False,6.7500,-3.6200,False
2020-07-31,43.1300,40.1000,3.0300,4.2500,-1.2200,False,5.2500,-2.2200,False,6.7500,-3.7200,False
2020-08-03,43.7600,40.8300,2.9300,4.2500,-1.3200,False,5.2500,-2.3200,False,6.7500,-3.8200,False
2020-08-04,43.9900,41.6700,2.3200,4.2500,-1.9300,False,5.2500,-2.9300,False,6.7500,-4.4300,False
2020-08-05,44.9200,42.2500,2.6700,4.2500,-1.5800,False,5.2500,-2.5800,False,6.7500,-4.0800,False
2020-08-06,45.0400,41.9300,3.1100,4.2500,-1.1400,False,5.2500,-2.1400,False,6.7500,-3.6400,False
2020-08-07,44.0700,41.1600,2.9100,4.2500,-1.3400,False,5.2500,-2.3400,False,6.7500,-3.8400,False
2020-08-10,44.1900,41.9400,2.2500,4.2500,-2.0000,False,5.2500,-3.0000,False,6.7500,-4.5000,False
2020-08-11,43.6800,41.5300,2.1500,4.2500,-2.1000,False,5.2500,-3.1000,False,6.7500,-4.6000,False
2020-08-12,45.0900,42.6000,2.4900,4.2500,-1.7600,False,5.2500,-2.7600,False,6.7500,-4.2600,False
2020-08-13,44.8700,42.2600,2.6100,4.2500,-1.6400,False,5.2500,-2.6400,False,6.7500,-4.1400,False
2020-08-14,44.8600,42.0500,2.8100,4.2500,-1.4400,False,5.2500,-2.4400,False,6.7500,-3.9400,False
2020-08-17,44.9100,42.8900,2.0200,4.2500,-2.2300,False,5.2500,-3.2300,False,6.7500,-4.7300,False
2020-08-18,45.3400,42.8900,2.4500,4.2500,-1.8000,False,5.2500,-2.8000,False,6.7500,-4.3000,False
2020-08-19,45.2100,42.9100,2.3000,4.2500,-1.9500,False,5.2500,-2.9500,False,6.7500,-4.4500,False
2020-08-20,44.5600,42.6200,1.9400,4.2500,-2.3100,False,5.2500,-3.3100,False,6.7500,-4.8100,False
2020-08-21,43.9400,42.3200,1.6200,4.2500,-2.6300,False,5.2500,-3.6300,False,6.7500,-5.1300,False
2020-08-24,44.4300,42.4400,1.9900,4.2500,-2.2600,False,5.2500,-3.2600,False,6.7500,-4.7600,False
2020-08-25,46.0100,43.1700,2.8400,4.2500,-1.4100,False,5.2500,-2.4100,False,6.7500,-3.9100,False
2020-08-26,45.7900,43.2100,2.5800,4.2500,-1.6700,False,5.2500,-2.6700,False,6.7500,-4.1700,False
2020-08-27,44.8400,42.8800,1.9600,4.2500,-2.2900,False,5.2500,-3.2900,False,6.7500,-4.7900,False
2020-08-28,45.2200,42.9600,2.2600,4.2500,-1.9900,False,5.2500,-2.9900,False,6.7500,-4.4900,False
2020-09-01,45.7200,42.7600,2.9600,4.2500,-1.2900,False,5.2500,-2.2900,False,6.7500,-3.7900,False
2020-09-02,42.7000,42.7600,-0.0600,4.2500,-4.3100,False,5.2500,-5.3100,False,6.7500,-6.8100,False
2020-09-03,42.7200,41.3900,1.3300,4.2500,-2.9200,False,5.2500,-3.9200,False,6.7500,-5.4200,False
2020-09-04,41.1000,39.6900,1.4100,4.2500,-2.8400,False,5.2500,-3.8400,False,6.7500,-5.3400,False
2020-09-08,38.5300,36.8700,1.6600,4.2500,-2.5900,False,5.2500,-3.5900,False,6.7500,-5.0900,False
2020-09-09,39.9800,38.0500,1.9300,4.2500,-2.3200,False,5.2500,-3.3200,False,6.7500,-4.8200,False
2020-09-10,39.2700,37.2500,2.0200,4.2500,-2.2300,False,5.2500,-3.2300,False,6.7500,-4.7300,False
2020-09-11,38.8000,37.3300,1.4700,4.2500,-2.7800,False,5.2500,-3.7800,False,6.7500,-5.2800,False
2020-09-14,38.5700,37.2300,1.3400,4.2500,-2.9100,False,5.2500,-3.9100,False,6.7500,-5.4100,False
2020-09-15,39.5400,38.2900,1.2500,4.2500,-3.0000,False,5.2500,-4.0000,False,6.7500,-5.5000,False
2020-09-16,41.2300,40.1700,1.0600,4.2500,-3.1900,False,5.2500,-4.1900,False,6.7500,-5.6900,False
2020-09-17,42.3500,40.9900,1.3600,4.2500,-2.8900,False,5.2500,-3.8900,False,6.7500,-5.3900,False
2020-09-18,42.1600,41.0900,1.0700,4.2500,-3.1800,False,5.2500,-4.1800,False,6.7500,-5.6800,False
2020-09-21,40.3700,39.2600,1.1100,4.2500,-3.1400,False,5.2500,-4.1400,False,6.7500,-5.6400,False
2020-09-22,40.8400,39.5500,1.2900,4.2500,-2.9600,False,5.2500,-3.9600,False,6.7500,-5.4600,False
2020-09-23,41.0900,39.9200,1.1700,4.2500,-3.0800,False,5.2500,-4.0800,False,6.7500,-5.5800,False
2020-09-24,41.2400,40.1100,1.1300,4.2500,-3.1200,False,5.2500,-4.1200,False,6.7500,-5.6200,False
2020-09-25,40.9100,40.0600,0.8500,4.2500,-3.4000,False,5.2500,-4.4000,False,6.7500,-5.9000,False
2020-09-28,41.5900,40.4700,1.1200,4.2500,-3.1300,False,5.2500,-4.1300,False,6.7500,-5.6300,False
2020-09-29,40.3300,39.0300,1.3000,4.2500,-2.9500,False,5.2500,-3.9500,False,6.7500,-5.4500,False
2020-09-30,40.3000,40.0500,0.2500,4.2500,-4.0000,False,5.2500,-5.0000,False,6.7500,-6.5000,False
2020-10-01,39.7500,38.5100,1.2400,4.2500,-3.0100,False,5.2500,-4.0100,False,6.7500,-5.5100,False
2020-10-02,38.0000,36.9000,1.1000,4.2500,-3.1500,False,5.2500,-4.1500,False,6.7500,-5.6500,False
2020-10-05,39.7800,39.1200,0.6600,4.2500,-3.5900,False,5.2500,-4.5900,False,6.7500,-6.0900,False
2020-10-06,41.2700,40.5200,0.7500,4.2500,-3.5000,False,5.2500,-4.5000,False,6.7500,-6.0000,False
2020-10-07,40.6200,39.8200,0.8000,4.2500,-3.4500,False,5.2500,-4.4500,False,6.7500,-5.9500,False
2020-10-08,42.0000,41.0400,0.9600,4.2500,-3.2900,False,5.2500,-4.2900,False,6.7500,-5.7900,False
2020-10-09,41.6300,40.4400,1.1900,4.2500,-3.0600,False,5.2500,-4.0600,False,6.7500,-5.5600,False
2020-10-12,40.5000,39.2200,1.2800,4.2500,-2.9700,False,5.2500,-3.9700,False,6.7500,-5.4700,False
2020-10-13,41.3400,40.0300,1.3100,4.2500,-2.9400,False,5.2500,-3.9400,False,6.7500,-5.4400,False
2020-10-14,41.8100,40.8600,0.9500,4.2500,-3.3000,False,5.2500,-4.3000,False,6.7500,-5.8000,False
2020-10-15,41.6100,40.8400,0.7700,4.2500,-3.4800,False,5.2500,-4.4800,False,6.7500,-5.9800,False
2020-10-16,41.3400,40.7000,0.6400,4.2500,-3.6100,False,5.2500,-4.6100,False,6.7500,-6.1100,False
2020-10-19,41.2900,40.6900,0.6000,4.2500,-3.6500,False,5.2500,-4.6500,False,6.7500,-6.1500,False
2020-10-20,41.6200,41.3700,0.2500,4.2500,-4.0000,False,5.2500,-5.0000,False,6.7500,-6.5000,False
2020-10-21,40.0900,39.8800,0.2100,4.2500,-4.0400,False,5.2500,-5.0400,False,6.7500,-6.5400,False
2020-10-22,41.2800,40.4600,0.8200,4.2500,-3.4300,False,5.2500,-4.4300,False,6.7500,-5.9300,False
2020-10-23,40.7100,39.7300,0.9800,4.2500,-3.2700,False,5.2500,-4.2700,False,6.7500,-5.7700,False
2020-10-26,39.0600,38.3900,0.6700,4.2500,-3.5800,False,5.2500,-4.5800,False,6.7500,-6.0800,False
2020-10-27,39.7200,39.3400,0.3800,4.2500,-3.8700,False,5.2500,-4.8700,False,6.7500,-6.3700,False
2020-10-28,37.8600,37.2700,0.5900,4.2500,-3.6600,False,5.2500,-4.6600,False,6.7500,-6.1600,False
2020-10-29,36.5600,35.9400,0.6200,4.2500,-3.6300,False,5.2500,-4.6300,False,6.7500,-6.1300,False
2020-10-30,36.3300,35.6400,0.6900,4.2500,-3.5600,False,5.2500,-4.5600,False,6.7500,-6.0600,False
2020-11-02,37.7800,36.6000,1.1800,4.2500,-3.0700,False,5.2500,-4.0700,False,6.7500,-5.5700,False
2020-11-03,38.1700,37.4400,0.7300,4.2500,-3.5200,False,5.2500,-4.5200,False,6.7500,-6.0200,False
2020-11-04,39.6800,38.9700,0.7100,4.2500,-3.5400,False,5.2500,-4.5400,False,6.7500,-6.0400,False
2020-11-05,39.4700,38.5600,0.9100,4.2500,-3.3400,False,5.2500,-4.3400,False,6.7500,-5.8400,False
2020-11-06,38.0800,36.9700,1.1100,4.2500,-3.1400,False,5.2500,-4.1400,False,6.7500,-5.6400,False
2020-11-09,40.9300,40.0500,0.8800,4.2500,-3.3700,False,5.2500,-4.3700,False,6.7500,-5.8700,False
2020-11-10,42.2500,41.1800,1.0700,4.2500,-3.1800,False,5.2500,-4.1800,False,6.7500,-5.6800,False
2020-11-11,42.5000,41.2300,1.2700,4.2500,-2.9800,False,5.2500,-3.9800,False,6.7500,-5.4800,False
2020-11-12,42.1600,40.9000,1.2600,4.2500,-2.9900,False,5.2500,-3.9900,False,6.7500,-5.4900,False
2020-11-13,41.5100,39.9300,1.5800,4.2500,-2.6700,False,5.2500,-3.6700,False,6.7500,-5.1700,False
2020-11-16,42.7100,41.1400,1.5700,4.2500,-2.6800,False,5.2500,-3.6800,False,6.7500,-5.1800,False
2020-11-17,42.5400,41.2400,1.3000,4.2500,-2.9500,False,5.2500,-3.9500,False,6.7500,-5.4500,False
2020-11-18,42.9100,41.6400,1.2700,4.2500,-2.9800,False,5.2500,-3.9800,False,6.7500,-5.4800,False
2020-11-19,43.0900,41.5700,1.5200,4.2500,-2.7300,False,5.2500,-3.7300,False,6.7500,-5.2300,False
2020-11-20,43.7900,41.9900,1.8000,4.2500,-2.4500,False,5.2500,-3.4500,False,6.7500,-4.9500,False
2020-11-23,45.0000,42.9100,2.0900,4.2500,-2.1600,False,5.2500,-3.1600,False,6.7500,-4.6600,False
2020-11-24,46.6300,44.7100,1.9200,4.2500,-2.3300,False,5.2500,-3.3300,False,6.7500,-4.8300,False
2020-11-25,47.3000,45.5800,1.7200,4.2500,-2.5300,False,5.2500,-3.5300,False,6.7500,-5.0300,False
2020-11-30,46.8400,45.2000,1.6400,4.2500,-2.6100,False,5.2500,-3.6100,False,6.7500,-5.1100,False
2020-12-01,47.0300,44.5400,2.4900,4.2500,-1.7600,False,5.2500,-2.7600,False,6.7500,-4.2600,False
2020-12-02,47.8000,45.2300,2.5700,4.2500,-1.6800,False,5.2500,-2.6800,False,6.7500,-4.1800,False
2020-12-03,48.3700,45.6500,2.7200,4.2500,-1.5300,False,5.2500,-2.5300,False,6.7500,-4.0300,False
2020-12-04,49.1000,46.2300,2.8700,4.2500,-1.3800,False,5.2500,-2.3800,False,6.7500,-3.8800,False
2020-12-07,48.6300,45.7200,2.9100,4.2500,-1.3400,False,5.2500,-2.3400,False,6.7500,-3.8400,False
2020-12-08,48.8400,45.6400,3.2000,4.2500,-1.0500,False,5.2500,-2.0500,False,6.7500,-3.5500,False
2020-12-09,48.8100,45.4800,3.3300,4.2500,-0.9200,False,5.2500,-1.9200,False,6.7500,-3.4200,False
2020-12-10,50.3300,46.7600,3.5700,4.2500,-0.6800,False,5.2500,-1.6800,False,6.7500,-3.1800,False
2020-12-11,50.0100,46.5900,3.4200,4.2500,-0.8300,False,5.2500,-1.8300,False,6.7500,-3.3300,False
2020-12-14,50.2700,47.0200,3.2500,4.2500,-1.0000,False,5.2500,-2.0000,False,6.7500,-3.5000,False
2020-12-15,50.7700,47.5800,3.1900,4.2500,-1.0600,False,5.2500,-2.0600,False,6.7500,-3.5600,False
2020-12-16,50.8300,47.8600,2.9700,4.2500,-1.2800,False,5.2500,-2.2800,False,6.7500,-3.7800,False
2020-12-17,51.2000,48.3400,2.8600,4.2500,-1.3900,False,5.2500,-2.3900,False,6.7500,-3.8900,False
2020-12-18,52.1700,49.0400,3.1300,4.2500,-1.1200,False,5.2500,-2.1200,False,6.7500,-3.6200,False
2020-12-21,50.6100,47.7900,2.8200,4.2500,-1.4300,False,5.2500,-2.4300,False,6.7500,-3.9300,False
2020-12-22,49.8800,47.0200,2.8600,4.2500,-1.3900,False,5.2500,-2.3900,False,6.7500,-3.8900,False
2020-12-23,51.0500,47.9400,3.1100,4.2500,-1.1400,False,5.2500,-2.1400,False,6.7500,-3.6400,False
2020-12-24,50.8800,48.1800,2.7000,4.2500,-1.5500,False,5.2500,-2.5500,False,6.7500,-4.0500,False
2020-12-28,50.8800,47.5000,3.3800,4.2500,-0.8700,False,5.2500,-1.8700,False,6.7500,-3.3700,False
2020-12-29,50.4400,47.8500,2.5900,4.2500,-1.6600,False,5.2500,-2.6600,False,6.7500,-4.1600,False
2020-12-30,50.7400,48.2400,2.5000,4.2500,-1.7500,False,5.2500,-2.7500,False,6.7500,-4.2500,False
2020-12-31,51.2200,48.3500,2.8700,4.2500,-1.3800,False,5.2500,-2.3800,False,6.7500,-3.8800,False
2021-01-04,50.3700,47.4700,2.9000,4.2500,-1.3500,False,5.2500,-2.3500,False,6.7500,-3.8500,False
2021-01-05,53.1600,49.7800,3.3800,4.2500,-0.8700,False,5.2500,-1.8700,False,6.7500,-3.3700,False
2021-01-06,53.8000,50.4500,3.3500,4.2500,-0.9000,False,5.2500,-1.9000,False,6.7500,-3.4000,False
2021-01-07,53.7000,50.6300,3.0700,4.2500,-1.1800,False,5.2500,-2.1800,False,6.7500,-3.6800,False
2021-01-08,55.5100,52.1400,3.3700,4.2500,-0.8800,False,5.2500,-1.8800,False,6.7500,-3.3800,False
2021-01-11,54.8400,52.1500,2.6900,4.2500,-1.5600,False,5.2500,-2.5600,False,6.7500,-4.0600,False
2021-01-12,55.9800,53.0800,2.9000,4.2500,-1.3500,False,5.2500,-2.3500,False,6.7500,-3.8500,False
2021-01-13,55.5200,52.8100,2.7100,4.2500,-1.5400,False,5.2500,-2.5400,False,6.7500,-4.0400,False
2021-01-14,55.7600,53.4700,2.2900,4.2500,-1.9600,False,5.2500,-2.9600,False,6.7500,-4.4600,False
2021-01-15,54.8000,52.2500,2.5500,4.2500,-1.7000,False,5.2500,-2.7000,False,6.7500,-4.2000,False
2021-01-19,55.3800,52.8700,2.5100,4.2500,-1.7400,False,5.2500,-2.7400,False,6.7500,-4.2400,False
2021-01-20,55.6600,53.1600,2.5000,4.2500,-1.7500,False,5.2500,-2.7500,False,6.7500,-4.2500,False
2021-01-21,55.6800,53.0000,2.6800,4.2500,-1.5700,False,5.2500,-2.5700,False,6.7500,-4.0700,False
2021-01-22,55.2200,52.2800,2.9400,4.2500,-1.3100,False,5.2500,-2.3100,False,6.7500,-3.8100,False
2021-01-25,55.4400,52.7800,2.6600,4.2500,-1.5900,False,5.2500,-2.5900,False,6.7500,-4.0900,False
2021-01-26,55.2600,52.6100,2.6500,4.2500,-1.6000,False,5.2500,-2.6000,False,6.7500,-4.1000,False
2021-01-27,55.0700,52.8100,2.2600,4.2500,-1.9900,False,5.2500,-2.9900,False,6.7500,-4.4900,False
2021-01-28,54.8700,52.2600,2.6100,4.2500,-1.6400,False,5.2500,-2.6400,False,6.7500,-4.1400,False
2021-01-29,55.2500,52.1600,3.0900,4.2500,-1.1600,False,5.2500,-2.1600,False,6.7500,-3.6600,False
2021-02-01,56.4200,53.5500,2.8700,4.2500,-1.3800,False,5.2500,-2.3800,False,6.7500,-3.8800,False
2021-02-02,57.6200,54.7700,2.8500,4.2500,-1.4000,False,5.2500,-2.4000,False,6.7500,-3.9000,False
2021-02-03,58.6100,55.6700,2.9400,4.2500,-1.3100,False,5.2500,-2.3100,False,6.7500,-3.8100,False
2021-02-04,58.9800,56.1900,2.7900,4.2500,-1.4600,False,5.2500,-2.4600,False,6.7500,-3.9600,False
2021-02-05,59.4800,56.8000,2.6800,4.2500,-1.5700,False,5.2500,-2.5700,False,6.7500,-4.0700,False
2021-02-08,60.1700,57.9500,2.2200,4.2500,-2.0300,False,5.2500,-3.0300,False,6.7500,-4.5300,False
2021-02-09,60.7400,58.3400,2.4000,4.2500,-1.8500,False,5.2500,-2.8500,False,6.7500,-4.3500,False
2021-02-10,61.1700,58.6900,2.4800,4.2500,-1.7700,False,5.2500,-2.7700,False,6.7500,-4.2700,False
2021-02-11,61.0900,58.2200,2.8700,4.2500,-1.3800,False,5.2500,-2.3800,False,6.7500,-3.8800,False
2021-02-12,62.4700,59.5000,2.9700,4.2500,-1.2800,False,5.2500,-2.2800,False,6.7500,-3.7800,False
2021-02-16,63.9600,60.0700,3.8900,4.2500,-0.3600,False,5.2500,-1.3600,False,6.7500,-2.8600,False
2021-02-17,65.0200,61.0900,3.9300,4.2500,-0.3200,False,5.2500,-1.3200,False,6.7500,-2.8200,False
2021-02-18,64.0900,60.4000,3.6900,4.2500,-0.5600,False,5.2500,-1.5600,False,6.7500,-3.0600,False
2021-02-19,62.8400,59.1200,3.7200,4.2500,-0.5300,False,5.2500,-1.5300,False,6.7500,-3.0300,False
2021-02-22,64.7300,61.6700,3.0600,4.2500,-1.1900,False,5.2500,-2.1900,False,6.7500,-3.6900,False
2021-02-23,65.1600,61.6600,3.5000,4.2500,-0.7500,False,5.2500,-1.7500,False,6.7500,-3.2500,False
2021-02-24,66.8500,63.2100,3.6400,4.2500,-0.6100,False,5.2500,-1.6100,False,6.7500,-3.1100,False
2021-02-25,66.6900,63.4300,3.2600,4.2500,-0.9900,False,5.2500,-1.9900,False,6.7500,-3.4900,False
2021-02-26,65.8600,61.5500,4.3100,4.2500,0.0600,True,5.2500,-0.9400,False,6.7500,-2.4400,False
2021-03-01,64.5600,60.5400,4.0200,4.2500,-0.2300,False,5.2500,-1.2300,False,6.7500,-2.7300,False
2021-03-02,63.1700,59.7000,3.4700,4.2500,-0.7800,False,5.2500,-1.7800,False,6.7500,-3.2800,False
2021-03-03,64.7000,61.3300,3.3700,4.2500,-0.8800,False,5.2500,-1.8800,False,6.7500,-3.3800,False
2021-03-04,67.3200,63.8100,3.5100,4.2500,-0.7400,False,5.2500,-1.7400,False,6.7500,-3.2400,False
2021-03-05,69.9500,66.0800,3.8700,4.2500,-0.3800,False,5.2500,-1.3800,False,6.7500,-2.8800,False
2021-03-08,68.0000,65.0300,2.9700,4.2500,-1.2800,False,5.2500,-2.2800,False,6.7500,-3.7800,False
2021-03-09,67.0300,64.0200,3.0100,4.2500,-1.2400,False,5.2500,-2.2400,False,6.7500,-3.7400,False
2021-03-10,67.5300,64.4500,3.0800,4.2500,-1.1700,False,5.2500,-2.1700,False,6.7500,-3.6700,False
2021-03-11,69.3400,66.0200,3.3200,4.2500,-0.9300,False,5.2500,-1.9300,False,6.7500,-3.4300,False
2021-03-12,68.8700,65.5900,3.2800,4.2500,-0.9700,False,5.2500,-1.9700,False,6.7500,-3.4700,False
2021-03-15,68.7800,65.3600,3.4200,4.2500,-0.8300,False,5.2500,-1.8300,False,6.7500,-3.3300,False
2021-03-16,67.9500,64.8200,3.1300,4.2500,-1.1200,False,5.2500,-2.1200,False,6.7500,-3.6200,False
2021-03-17,67.7300,64.5500,3.1800,4.2500,-1.0700,False,5.2500,-2.0700,False,6.7500,-3.5700,False
2021-03-18,62.1100,59.9500,2.1600,4.2500,-2.0900,False,5.2500,-3.0900,False,6.7500,-4.5900,False
2021-03-19,64.0000,61.4300,2.5700,4.2500,-1.6800,False,5.2500,-2.6800,False,6.7500,-4.1800,False
2021-03-22,63.8900,61.4800,2.4100,4.2500,-1.8400,False,5.2500,-2.8400,False,6.7500,-4.3400,False
2021-03-23,59.9600,57.7500,2.2100,4.2500,-2.0400,False,5.2500,-3.0400,False,6.7500,-4.5400,False
2021-03-24,63.7000,61.1200,2.5800,4.2500,-1.6700,False,5.2500,-2.6700,False,6.7500,-4.1700,False
2021-03-25,61.2100,58.4700,2.7400,4.2500,-1.5100,False,5.2500,-2.5100,False,6.7500,-4.0100,False
2021-03-26,63.7700,60.9300,2.8400,4.2500,-1.4100,False,5.2500,-2.4100,False,6.7500,-3.9100,False
2021-03-29,64.0600,61.4900,2.5700,4.2500,-1.6800,False,5.2500,-2.6800,False,6.7500,-4.1800,False
2021-03-30,63.2800,60.5500,2.7300,4.2500,-1.5200,False,5.2500,-2.5200,False,6.7500,-4.0200,False
2021-03-31,63.5200,59.1900,4.3300,4.2500,0.0800,True,5.2500,-0.9200,False,6.7500,-2.4200,False
2021-04-01,63.8500,61.4100,2.4400,4.2500,-1.8100,False,5.2500,-2.8100,False,6.7500,-4.3100,False
2021-04-06,61.4700,59.3400,2.1300,4.2500,-2.1200,False,5.2500,-3.1200,False,6.7500,-4.6200,False
2021-04-07,61.8600,59.7700,2.0900,4.2500,-2.1600,False,5.2500,-3.1600,False,6.7500,-4.6600,False
2021-04-08,62.0900,59.6100,2.4800,4.2500,-1.7700,False,5.2500,-2.7700,False,6.7500,-4.2700,False
2021-04-09,61.8900,59.2900,2.6000,4.2500,-1.6500,False,5.2500,-2.6500,False,6.7500,-4.1500,False
2021-04-12,62.3800,59.7000,2.6800,4.2500,-1.5700,False,5.2500,-2.5700,False,6.7500,-4.0700,False
2021-04-13,62.8300,60.2000,2.6300,4.2500,-1.6200,False,5.2500,-2.6200,False,6.7500,-4.1200,False
2021-04-14,66.1100,63.1500,2.9600,4.2500,-1.2900,False,5.2500,-2.2900,False,6.7500,-3.7900,False
2021-04-15,66.1300,63.4200,2.7100,4.2500,-1.5400,False,5.2500,-2.5400,False,6.7500,-4.0400,False
2021-04-16,65.9800,63.1600,2.8200,4.2500,-1.4300,False,5.2500,-2.4300,False,6.7500,-3.9300,False
2021-04-19,66.5400,63.3300,3.2100,4.2500,-1.0400,False,5.2500,-2.0400,False,6.7500,-3.5400,False
2021-04-20,65.3400,62.6100,2.7300,4.2500,-1.5200,False,5.2500,-2.5200,False,6.7500,-4.0200,False
2021-04-21,64.0200,61.3400,2.6800,4.2500,-1.5700,False,5.2500,-2.5700,False,6.7500,-4.0700,False
2021-04-22,65.0700,61.4500,3.6200,4.2500,-0.6300,False,5.2500,-1.6300,False,6.7500,-3.1300,False
2021-04-23,65.7500,62.1800,3.5700,4.2500,-0.6800,False,5.2500,-1.6800,False,6.7500,-3.1800,False
2021-04-26,65.5000,62.0200,3.4800,4.2500,-0.7700,False,5.2500,-1.7700,False,6.7500,-3.2700,False
2021-04-27,66.2500,63.0300,3.2200,4.2500,-1.0300,False,5.2500,-2.0300,False,6.7500,-3.5300,False
2021-04-28,67.0800,63.8100,3.2700,4.2500,-0.9800,False,5.2500,-1.9800,False,6.7500,-3.4800,False
2021-04-29,68.2600,65.0000,3.2600,4.2500,-0.9900,False,5.2500,-1.9900,False,6.7500,-3.4900,False
2021-04-30,67.7300,63.5000,4.2300,4.2500,-0.0200,False,5.2500,-1.0200,False,6.7500,-2.5200,False
2021-05-04,68.9100,65.7200,3.1900,4.2500,-1.0600,False,5.2500,-2.0600,False,6.7500,-3.5600,False
2021-05-05,69.7100,65.6300,4.0800,4.2500,-0.1700,False,5.2500,-1.1700,False,6.7500,-2.6700,False
2021-05-06,68.6200,64.7300,3.8900,4.2500,-0.3600,False,5.2500,-1.3600,False,6.7500,-2.8600,False
2021-05-07,68.7300,64.9600,3.7700,4.2500,-0.4800,False,5.2500,-1.4800,False,6.7500,-2.9800,False
2021-05-10,68.6100,64.9200,3.6900,4.2500,-0.5600,False,5.2500,-1.5600,False,6.7500,-3.0600,False
2021-05-11,68.8300,65.3100,3.5200,4.2500,-0.7300,False,5.2500,-1.7300,False,6.7500,-3.2300,False
2021-05-12,69.6200,65.9600,3.6600,4.2500,-0.5900,False,5.2500,-1.5900,False,6.7500,-3.0900,False
2021-05-13,67.3600,63.8200,3.5400,4.2500,-0.7100,False,5.2500,-1.7100,False,6.7500,-3.2100,False
2021-05-14,69.2400,65.3200,3.9200,4.2500,-0.3300,False,5.2500,-1.3300,False,6.7500,-2.8300,False
2021-05-17,69.6200,66.2400,3.3800,4.2500,-0.8700,False,5.2500,-1.8700,False,6.7500,-3.3700,False
2021-05-18,69.0100,65.4900,3.5200,4.2500,-0.7300,False,5.2500,-1.7300,False,6.7500,-3.2300,False
2021-05-19,66.8800,63.2800,3.6000,4.2500,-0.6500,False,5.2500,-1.6500,False,6.7500,-3.1500,False
2021-05-20,65.1800,61.9500,3.2300,4.2500,-1.0200,False,5.2500,-2.0200,False,6.7500,-3.5200,False
2021-05-21,66.7200,63.6100,3.1100,4.2500,-1.1400,False,5.2500,-2.1400,False,6.7500,-3.6400,False
2021-05-24,68.5900,66.1300,2.4600,4.2500,-1.7900,False,5.2500,-2.7900,False,6.7500,-4.2900,False
2021-05-25,68.8000,66.2700,2.5300,4.2500,-1.7200,False,5.2500,-2.7200,False,6.7500,-4.2200,False
2021-05-26,68.9300,66.4100,2.5200,4.2500,-1.7300,False,5.2500,-2.7300,False,6.7500,-4.2300,False
2021-05-27,69.4300,66.8700,2.5600,4.2500,-1.6900,False,5.2500,-2.6900,False,6.7500,-4.1900,False
2021-05-28,69.3600,66.3100,3.0500,4.2500,-1.2000,False,5.2500,-2.2000,False,6.7500,-3.7000,False
2021-06-01,70.0300,67.8000,2.2300,4.2500,-2.0200,False,5.2500,-3.0200,False,6.7500,-4.5200,False
2021-06-02,70.6000,68.7900,1.8100,4.2500,-2.4400,False,5.2500,-3.4400,False,6.7500,-4.9400,False
2021-06-03,70.7100,68.8100,1.9000,4.2500,-2.3500,False,5.2500,-3.3500,False,6.7500,-4.8500,False
2021-06-04,71.3000,69.5700,1.7300,4.2500,-2.5200,False,5.2500,-3.5200,False,6.7500,-5.0200,False
2021-06-07,70.8900,69.2100,1.6800,4.2500,-2.5700,False,5.2500,-3.5700,False,6.7500,-5.0700,False
2021-06-08,71.3900,70.1100,1.2800,4.2500,-2.9700,False,5.2500,-3.9700,False,6.7500,-5.4700,False
2021-06-09,71.3100,69.9000,1.4100,4.2500,-2.8400,False,5.2500,-3.8400,False,6.7500,-5.3400,False
2021-06-10,71.6500,70.3400,1.3100,4.2500,-2.9400,False,5.2500,-3.9400,False,6.7500,-5.4400,False
2021-06-11,72.0500,71.0000,1.0500,4.2500,-3.2000,False,5.2500,-4.2000,False,6.7500,-5.7000,False
2021-06-14,72.2700,70.9400,1.3300,4.2500,-2.9200,False,5.2500,-3.9200,False,6.7500,-5.4200,False
2021-06-15,73.3800,72.0600,1.3200,4.2500,-2.9300,False,5.2500,-3.9300,False,6.7500,-5.4300,False
2021-06-16,73.8800,72.0300,1.8500,4.2500,-2.4000,False,5.2500,-3.4000,False,6.7500,-4.9000,False
2021-06-17,72.9200,71.0600,1.8600,4.2500,-2.3900,False,5.2500,-3.3900,False,6.7500,-4.8900,False
2021-06-18,73.1000,71.6400,1.4600,4.2500,-2.7900,False,5.2500,-3.7900,False,6.7500,-5.2900,False
2021-06-21,74.4900,73.6400,0.8500,4.2500,-3.4000,False,5.2500,-4.4000,False,6.7500,-5.9000,False
2021-06-22,74.9200,73.1500,1.7700,4.2500,-2.4800,False,5.2500,-3.4800,False,6.7500,-4.9800,False
2021-06-23,75.2200,73.1100,2.1100,4.2500,-2.1400,False,5.2500,-3.1400,False,6.7500,-4.6400,False
2021-06-24,75.9500,73.3100,2.6400,4.2500,-1.6100,False,5.2500,-2.6100,False,6.7500,-4.1100,False
2021-06-25,76.4500,74.2100,2.2400,4.2500,-2.0100,False,5.2500,-3.0100,False,6.7500,-4.5100,False
2021-06-28,74.7800,72.9800,1.8000,4.2500,-2.4500,False,5.2500,-3.4500,False,6.7500,-4.9500,False
2021-06-29,75.3800,73.1400,2.2400,4.2500,-2.0100,False,5.2500,-3.0100,False,6.7500,-4.5100,False
2021-06-30,76.9400,73.5200,3.4200,4.2500,-0.8300,False,5.2500,-1.8300,False,6.7500,-3.3300,False
2021-07-01,76.6900,75.3300,1.3600,4.2500,-2.8900,False,5.2500,-3.8900,False,6.7500,-5.3900,False
2021-07-02,77.5100,75.3700,2.1400,4.2500,-2.1100,False,5.2500,-3.1100,False,6.7500,-4.6100,False
2021-07-06,75.8100,73.6200,2.1900,4.2500,-2.0600,False,5.2500,-3.0600,False,6.7500,-4.5600,False
2021-07-07,74.3100,72.2200,2.0900,4.2500,-2.1600,False,5.2500,-3.1600,False,6.7500,-4.6600,False
2021-07-08,75.0700,72.9800,2.0900,4.2500,-2.1600,False,5.2500,-3.1600,False,6.7500,-4.6600,False
2021-07-09,77.1400,74.5600,2.5800,4.2500,-1.6700,False,5.2500,-2.6700,False,6.7500,-4.1700,False
2021-07-12,76.7700,74.2100,2.5600,4.2500,-1.6900,False,5.2500,-2.6900,False,6.7500,-4.1900,False
2021-07-13,77.5000,75.2400,2.2600,4.2500,-1.9900,False,5.2500,-2.9900,False,6.7500,-4.4900,False
2021-07-14,75.7400,73.0600,2.6800,4.2500,-1.5700,False,5.2500,-2.5700,False,6.7500,-4.0700,False
2021-07-15,74.5300,71.6700,2.8600,4.2500,-1.3900,False,5.2500,-2.3900,False,6.7500,-3.8900,False
2021-07-16,74.4600,71.7600,2.7000,4.2500,-1.5500,False,5.2500,-2.5500,False,6.7500,-4.0500,False
2021-07-19,69.3300,66.4500,2.8800,4.2500,-1.3700,False,5.2500,-2.3700,False,6.7500,-3.8700,False
2021-07-20,70.0300,67.3200,2.7100,4.2500,-1.5400,False,5.2500,-2.5400,False,6.7500,-4.0400,False
2021-07-21,72.5400,70.2600,2.2800,4.2500,-1.9700,False,5.2500,-2.9700,False,6.7500,-4.4700,False
2021-07-22,74.2500,72.1500,2.1000,4.2500,-2.1500,False,5.2500,-3.1500,False,6.7500,-4.6500,False
2021-07-23,74.8600,72.2400,2.6200,4.2500,-1.6300,False,5.2500,-2.6300,False,6.7500,-4.1300,False
2021-07-26,74.7900,72.1500,2.6400,4.2500,-1.6100,False,5.2500,-2.6100,False,6.7500,-4.1100,False
2021-07-27,74.8700,71.6800,3.1900,4.2500,-1.0600,False,5.2500,-2.0600,False,6.7500,-3.5600,False
2021-07-28,75.0900,72.3700,2.7200,4.2500,-1.5300,False,5.2500,-2.5300,False,6.7500,-4.0300,False
2021-07-29,76.3000,73.6200,2.6800,4.2500,-1.5700,False,5.2500,-2.5700,False,6.7500,-4.0700,False
2021-07-30,77.7200,73.9300,3.7900,4.2500,-0.4600,False,5.2500,-1.4600,False,6.7500,-2.9600,False
2021-08-02,73.9100,71.3100,2.6000,4.2500,-1.6500,False,5.2500,-2.6500,False,6.7500,-4.1500,False
2021-08-03,73.2400,70.6400,2.6000,4.2500,-1.6500,False,5.2500,-2.6500,False,6.7500,-4.1500,False
2021-08-04,70.9900,68.1900,2.8000,4.2500,-1.4500,False,5.2500,-2.4500,False,6.7500,-3.9500,False
2021-08-05,72.1400,69.1000,3.0400,4.2500,-1.2100,False,5.2500,-2.2100,False,6.7500,-3.7100,False
2021-08-06,71.0200,68.2600,2.7600,4.2500,-1.4900,False,5.2500,-2.4900,False,6.7500,-3.9900,False
2021-08-09,69.6500,66.5600,3.0900,4.2500,-1.1600,False,5.2500,-2.1600,False,6.7500,-3.6600,False
2021-08-10,71.1400,68.3300,2.8100,4.2500,-1.4400,False,5.2500,-2.4400,False,6.7500,-3.9400,False
2021-08-11,71.9900,69.3000,2.6900,4.2500,-1.5600,False,5.2500,-2.5600,False,6.7500,-4.0600,False
2021-08-12,71.7900,69.1200,2.6700,4.2500,-1.5800,False,5.2500,-2.5800,False,6.7500,-4.0800,False
2021-08-13,70.9000,68.3600,2.5400,4.2500,-1.7100,False,5.2500,-2.7100,False,6.7500,-4.2100,False
2021-08-16,70.0700,67.4400,2.6300,4.2500,-1.6200,False,5.2500,-2.6200,False,6.7500,-4.1200,False
2021-08-17,69.4000,66.5000,2.9000,4.2500,-1.3500,False,5.2500,-2.3500,False,6.7500,-3.8500,False
2021-08-18,68.6100,65.3600,3.2500,4.2500,-1.0000,False,5.2500,-2.0000,False,6.7500,-3.5000,False
2021-08-19,66.8000,63.6900,3.1100,4.2500,-1.1400,False,5.2500,-2.1400,False,6.7500,-3.6400,False
2021-08-20,65.5100,62.2500,3.2600,4.2500,-0.9900,False,5.2500,-1.9900,False,6.7500,-3.4900,False
2021-08-23,69.0700,65.6500,3.4200,4.2500,-0.8300,False,5.2500,-1.8300,False,6.7500,-3.3300,False
2021-08-24,71.2100,67.5000,3.7100,4.2500,-0.5400,False,5.2500,-1.5400,False,6.7500,-3.0400,False
2021-08-25,72.1200,68.5400,3.5800,4.2500,-0.6700,False,5.2500,-1.6700,False,6.7500,-3.1700,False
2021-08-26,70.4200,67.4200,3.0000,4.2500,-1.2500,False,5.2500,-2.2500,False,6.7500,-3.7500,False
2021-08-27,72.2600,68.8400,3.4200,4.2500,-0.8300,False,5.2500,-1.8300,False,6.7500,-3.3300,False
2021-08-31,73.4500,68.4300,5.0200,4.2500,0.7700,True,5.2500,-0.2300,False,6.7500,-1.7300,False
2021-09-01,71.9900,68.6300,3.3600,4.2500,-0.8900,False,5.2500,-1.8900,False,6.7500,-3.3900,False
2021-09-02,73.5600,70.0700,3.4900,4.2500,-0.7600,False,5.2500,-1.7600,False,6.7500,-3.2600,False
2021-09-03,73.0700,69.3400,3.7300,4.2500,-0.5200,False,5.2500,-1.5200,False,6.7500,-3.0200,False
2021-09-07,71.5200,68.4900,3.0300,4.2500,-1.2200,False,5.2500,-2.2200,False,6.7500,-3.7200,False
2021-09-08,72.3600,69.3600,3.0000,4.2500,-1.2500,False,5.2500,-2.2500,False,6.7500,-3.7500,False
2021-09-09,71.3200,68.2600,3.0600,4.2500,-1.1900,False,5.2500,-2.1900,False,6.7500,-3.6900,False
2021-09-10,72.4400,69.8200,2.6200,4.2500,-1.6300,False,5.2500,-2.6300,False,6.7500,-4.1300,False
2021-09-13,72.9700,70.5400,2.4300,4.2500,-1.8200,False,5.2500,-2.8200,False,6.7500,-4.3200,False
2021-09-14,73.0500,70.5300,2.5200,4.2500,-1.7300,False,5.2500,-2.7300,False,6.7500,-4.2300,False
2021-09-15,74.8400,72.5900,2.2500,4.2500,-2.0000,False,5.2500,-3.0000,False,6.7500,-4.5000,False
2021-09-16,75.1400,72.6900,2.4500,4.2500,-1.8000,False,5.2500,-2.8000,False,6.7500,-4.3000,False
2021-09-17,74.6400,72.0900,2.5500,4.2500,-1.7000,False,5.2500,-2.7000,False,6.7500,-4.2000,False
2021-09-20,73.5900,70.4100,3.1800,4.2500,-1.0700,False,5.2500,-2.0700,False,6.7500,-3.5700,False
2021-09-21,73.6500,70.5100,3.1400,4.2500,-1.1100,False,5.2500,-2.1100,False,6.7500,-3.6100,False
2021-09-22,75.5000,72.3700,3.1300,4.2500,-1.1200,False,5.2500,-2.1200,False,6.7500,-3.6200,False
2021-09-23,76.4400,73.4300,3.0100,4.2500,-1.2400,False,5.2500,-2.2400,False,6.7500,-3.7400,False
2021-09-24,77.4200,74.1800,3.2400,4.2500,-1.0100,False,5.2500,-2.0100,False,6.7500,-3.5100,False
2021-09-27,78.8500,75.5400,3.3100,4.2500,-0.9400,False,5.2500,-1.9400,False,6.7500,-3.4400,False
2021-09-28,78.3000,75.4400,2.8600,4.2500,-1.3900,False,5.2500,-2.3900,False,6.7500,-3.8900,False
2021-09-29,77.8600,75.0600,2.8000,4.2500,-1.4500,False,5.2500,-2.4500,False,6.7500,-3.9500,False
2021-09-30,77.8100,75.2200,2.5900,4.2500,-1.6600,False,5.2500,-2.6600,False,6.7500,-4.1600,False
2021-10-01,79.4000,76.0100,3.3900,4.2500,-0.8600,False,5.2500,-1.8600,False,6.7500,-3.3600,False
2021-10-04,81.4400,77.6800,3.7600,4.2500,-0.4900,False,5.2500,-1.4900,False,6.7500,-2.9900,False
2021-10-05,82.7200,79.1700,3.5500,4.2500,-0.7000,False,5.2500,-1.7000,False,6.7500,-3.2000,False
2021-10-06,81.3900,77.6600,3.7300,4.2500,-0.5200,False,5.2500,-1.5200,False,6.7500,-3.0200,False
2021-10-07,82.3400,78.4600,3.8800,4.2500,-0.3700,False,5.2500,-1.3700,False,6.7500,-2.8700,False
2021-10-08,82.1700,79.5500,2.6200,4.2500,-1.6300,False,5.2500,-2.6300,False,6.7500,-4.1300,False
2021-10-11,83.7500,80.6400,3.1100,4.2500,-1.1400,False,5.2500,-2.1400,False,6.7500,-3.6400,False
2021-10-12,83.5300,80.7500,2.7800,4.2500,-1.4700,False,5.2500,-2.4700,False,6.7500,-3.9700,False
2021-10-13,83.5300,80.6700,2.8600,4.2500,-1.3900,False,5.2500,-2.3900,False,6.7500,-3.8900,False
2021-10-14,83.8600,81.4300,2.4300,4.2500,-1.8200,False,5.2500,-2.8200,False,6.7500,-4.3200,False
2021-10-15,84.6700,82.3900,2.2800,4.2500,-1.9700,False,5.2500,-2.9700,False,6.7500,-4.4700,False
2021-10-18,84.1300,82.6200,1.5100,4.2500,-2.7400,False,5.2500,-3.7400,False,6.7500,-5.2400,False
2021-10-19,85.0200,83.1900,1.8300,4.2500,-2.4200,False,5.2500,-3.4200,False,6.7500,-4.9200,False
2021-10-20,85.7600,84.4000,1.3600,4.2500,-2.8900,False,5.2500,-3.8900,False,6.7500,-5.3900,False
2021-10-21,84.5800,82.6400,1.9400,4.2500,-2.3100,False,5.2500,-3.3100,False,6.7500,-4.8100,False
2021-10-22,85.4300,84.5300,0.9000,4.2500,-3.3500,False,5.2500,-4.3500,False,6.7500,-5.8500,False
2021-10-25,84.8500,84.6400,0.2100,4.2500,-4.0400,False,5.2500,-5.0400,False,6.7500,-6.5400,False
2021-10-26,85.1100,85.6400,-0.5300,4.2500,-4.7800,False,5.2500,-5.7800,False,6.7500,-7.2800,False
2021-10-27,84.1200,82.6600,1.4600,4.2500,-2.7900,False,5.2500,-3.7900,False,6.7500,-5.2900,False
2021-10-28,83.4000,82.7800,0.6200,4.2500,-3.6300,False,5.2500,-4.6300,False,6.7500,-6.1300,False
2021-10-29,83.1000,83.5000,-0.4000,4.2500,-4.6500,False,5.2500,-5.6500,False,6.7500,-7.1500,False
2021-11-01,84.5100,84.0800,0.4300,4.2500,-3.8200,False,5.2500,-4.8200,False,6.7500,-6.3200,False
2021-11-02,84.4200,83.9100,0.5100,4.2500,-3.7400,False,5.2500,-4.7400,False,6.7500,-6.2400,False
2021-11-03,81.1000,80.8200,0.2800,4.2500,-3.9700,False,5.2500,-4.9700,False,6.7500,-6.4700,False
2021-11-04,80.1500,78.8800,1.2700,4.2500,-2.9800,False,5.2500,-3.9800,False,6.7500,-5.4800,False
2021-11-05,82.4300,81.2500,1.1800,4.2500,-3.0700,False,5.2500,-4.0700,False,6.7500,-5.5700,False
2021-11-08,83.2200,81.9600,1.2600,4.2500,-2.9900,False,5.2500,-3.9900,False,6.7500,-5.4900,False
2021-11-09,84.5200,84.1200,0.4000,4.2500,-3.8500,False,5.2500,-4.8500,False,6.7500,-6.3500,False
2021-11-10,82.9100,81.2300,1.6800,4.2500,-2.5700,False,5.2500,-3.5700,False,6.7500,-5.0700,False
2021-11-11,83.4000,81.4700,1.9300,4.2500,-2.3200,False,5.2500,-3.3200,False,6.7500,-4.8200,False
2021-11-12,82.9000,80.8700,2.0300,4.2500,-2.2200,False,5.2500,-3.2200,False,6.7500,-4.7200,False
2021-11-15,81.9400,80.8500,1.0900,4.2500,-3.1600,False,5.2500,-4.1600,False,6.7500,-5.6600,False
2021-11-16,82.8500,80.7600,2.0900,4.2500,-2.1600,False,5.2500,-3.1600,False,6.7500,-4.6600,False
2021-11-17,80.6700,78.3200,2.3500,4.2500,-1.9000,False,5.2500,-2.9000,False,6.7500,-4.4000,False
2021-11-18,82.4500,78.9200,3.5300,4.2500,-0.7200,False,5.2500,-1.7200,False,6.7500,-3.2200,False
2021-11-19,80.2400,76.1100,4.1300,4.2500,-0.1200,False,5.2500,-1.1200,False,6.7500,-2.6200,False
2021-11-22,80.9700,76.7400,4.2300,4.2500,-0.0200,False,5.2500,-1.0200,False,6.7500,-2.5200,False
2021-11-23,83.4300,78.3200,5.1100,4.2500,0.8600,True,5.2500,-0.1400,False,6.7500,-1.6400,False
2021-11-24,82.3700,78.3200,4.0500,4.2500,-0.2000,False,5.2500,-1.2000,False,6.7500,-2.7000,False
2021-11-29,73.3400,69.8800,3.4600,4.2500,-0.7900,False,5.2500,-1.7900,False,6.7500,-3.2900,False
2021-11-30,70.8600,66.1400,4.7200,4.2500,0.4700,True,5.2500,-0.5300,False,6.7500,-2.0300,False
2021-12-01,69.5300,65.4400,4.0900,4.2500,-0.1600,False,5.2500,-1.1600,False,6.7500,-2.6600,False
2021-12-02,70.5600,66.6000,3.9600,4.2500,-0.2900,False,5.2500,-1.2900,False,6.7500,-2.7900,False
2021-12-03,70.7100,66.3900,4.3200,4.2500,0.0700,True,5.2500,-0.9300,False,6.7500,-2.4300,False
2021-12-06,73.3800,69.6200,3.7600,4.2500,-0.4900,False,5.2500,-1.4900,False,6.7500,-2.9900,False
2021-12-07,75.5400,71.9400,3.6000,4.2500,-0.6500,False,5.2500,-1.6500,False,6.7500,-3.1500,False
2021-12-08,75.9400,72.4300,3.5100,4.2500,-0.7400,False,5.2500,-1.7400,False,6.7500,-3.2400,False
2021-12-09,74.1000,70.8700,3.2300,4.2500,-1.0200,False,5.2500,-2.0200,False,6.7500,-3.5200,False
2021-12-10,74.9800,71.7100,3.2700,4.2500,-0.9800,False,5.2500,-1.9800,False,6.7500,-3.4800,False
2021-12-13,74.1200,71.1900,2.9300,4.2500,-1.3200,False,5.2500,-2.3200,False,6.7500,-3.8200,False
2021-12-14,73.3700,70.5700,2.8000,4.2500,-1.4500,False,5.2500,-2.4500,False,6.7500,-3.9500,False
2021-12-15,73.7100,70.8900,2.8200,4.2500,-1.4300,False,5.2500,-2.4300,False,6.7500,-3.9300,False
2021-12-16,74.6400,72.3400,2.3000,4.2500,-1.9500,False,5.2500,-2.9500,False,6.7500,-4.4500,False
2021-12-17,72.9700,70.9300,2.0400,4.2500,-2.2100,False,5.2500,-3.2100,False,6.7500,-4.7100,False
2021-12-20,70.5100,68.6900,1.8200,4.2500,-2.4300,False,5.2500,-3.4300,False,6.7500,-4.9300,False
2021-12-21,72.8500,71.1000,1.7500,4.2500,-2.5000,False,5.2500,-3.5000,False,6.7500,-5.0000,False
2021-12-22,74.6900,72.8200,1.8700,4.2500,-2.3800,False,5.2500,-3.3800,False,6.7500,-4.8800,False
2021-12-23,76.2600,73.8900,2.3700,4.2500,-1.8800,False,5.2500,-2.8800,False,6.7500,-4.3800,False
2021-12-29,78.6300,76.5800,2.0500,4.2500,-2.2000,False,5.2500,-3.2000,False,6.7500,-4.7000,False
2021-12-30,78.6100,76.8300,1.7800,4.2500,-2.4700,False,5.2500,-3.4700,False,6.7500,-4.9700,False
2021-12-31,77.2400,75.3300,1.9100,4.2500,-2.3400,False,5.2500,-3.3400,False,6.7500,-4.8400,False
2022-01-03,78.2500,75.9900,2.2600,4.2500,-1.9900,False,5.2500,-2.9900,False,6.7500,-4.4900,False
2022-01-04,79.3900,77.0000,2.3900,4.2500,-1.8600,False,5.2500,-2.8600,False,6.7500,-4.3600,False
2022-01-05,80.6000,77.8300,2.7700,4.2500,-1.4800,False,5.2500,-2.4800,False,6.7500,-3.9800,False
2022-01-06,81.9900,79.4700,2.5200,4.2500,-1.7300,False,5.2500,-2.7300,False,6.7500,-4.2300,False
2022-01-07,82.2800,79.0000,3.2800,4.2500,-0.9700,False,5.2500,-1.9700,False,6.7500,-3.4700,False
2022-01-10,81.5600,78.1100,3.4500,4.2500,-0.8000,False,5.2500,-1.8000,False,6.7500,-3.3000,False
2022-01-11,84.9800,81.1700,3.8100,4.2500,-0.4400,False,5.2500,-1.4400,False,6.7500,-2.9400,False
2022-01-12,85.8300,82.5100,3.3200,4.2500,-0.9300,False,5.2500,-1.9300,False,6.7500,-3.4300,False
2022-01-13,85.8000,81.9700,3.8300,4.2500,-0.4200,False,5.2500,-1.4200,False,6.7500,-2.9200,False
2022-01-14,87.1700,83.8200,3.3500,4.2500,-0.9000,False,5.2500,-1.9000,False,6.7500,-3.4000,False
2022-01-18,88.8300,85.4200,3.4100,4.2500,-0.8400,False,5.2500,-1.8400,False,6.7500,-3.3400,False
2022-01-19,89.6400,86.8400,2.8000,4.2500,-1.4500,False,5.2500,-2.4500,False,6.7500,-3.9500,False
2022-01-20,89.7500,86.2900,3.4600,4.2500,-0.7900,False,5.2500,-1.7900,False,6.7500,-3.2900,False
2022-01-21,89.7500,85.1600,4.5900,4.2500,0.3400,True,5.2500,-0.6600,False,6.7500,-2.1600,False
2022-01-24,87.7400,84.4800,3.2600,4.2500,-0.9900,False,5.2500,-1.9900,False,6.7500,-3.4900,False
2022-01-25,89.4900,86.6100,2.8800,4.2500,-1.3700,False,5.2500,-2.3700,False,6.7500,-3.8700,False
2022-01-26,91.2200,88.3300,2.8900,4.2500,-1.3600,False,5.2500,-2.3600,False,6.7500,-3.8600,False
2022-01-27,90.7000,87.6100,3.0900,4.2500,-1.1600,False,5.2500,-2.1600,False,6.7500,-3.6600,False
2022-01-28,91.4700,87.6700,3.8000,4.2500,-0.4500,False,5.2500,-1.4500,False,6.7500,-2.9500,False
2022-01-31,92.3500,89.1600,3.1900,4.2500,-1.0600,False,5.2500,-2.0600,False,6.7500,-3.5600,False
2022-02-01,90.2400,88.2200,2.0200,4.2500,-2.2300,False,5.2500,-3.2300,False,6.7500,-4.7300,False
2022-02-02,91.4300,88.1600,3.2700,4.2500,-0.9800,False,5.2500,-1.9800,False,6.7500,-3.4800,False
2022-02-03,92.9900,90.1700,2.8200,4.2500,-1.4300,False,5.2500,-2.4300,False,6.7500,-3.9300,False
2022-02-04,96.8600,92.2700,4.5900,4.2500,0.3400,True,5.2500,-0.6600,False,6.7500,-2.1600,False
2022-02-07,97.2800,91.2500,6.0300,4.2500,1.7800,True,5.2500,0.7800,True,6.7500,-0.7200,False
2022-02-08,96.0700,89.3200,6.7500,4.2500,2.5000,True,5.2500,1.5000,True,6.7500,0.0000,False
2022-02-09,94.9500,89.5700,5.3800,4.2500,1.1300,True,5.2500,0.1300,True,6.7500,-1.3700,False
2022-02-10,96.3700,89.8300,6.5400,4.2500,2.2900,True,5.2500,1.2900,True,6.7500,-0.2100,False
2022-02-11,97.5000,93.1000,4.4000,4.2500,0.1500,True,5.2500,-0.8500,False,6.7500,-2.3500,False
2022-02-14,101.6600,95.5200,6.1400,4.2500,1.8900,True,5.2500,0.8900,True,6.7500,-0.6100,False
2022-02-15,98.4300,92.0700,6.3600,4.2500,2.1100,True,5.2500,1.1100,True,6.7500,-0.3900,False
2022-02-16,97.4400,93.8300,3.6100,4.2500,-0.6400,False,5.2500,-1.6400,False,6.7500,-3.1400,False
2022-02-17,95.2800,91.7800,3.5000,4.2500,-0.7500,False,5.2500,-1.7500,False,6.7500,-3.2500,False
2022-02-18,96.1800,91.2600,4.9200,4.2500,0.6700,True,5.2500,-0.3300,False,6.7500,-1.8300,False
2022-02-22,98.7300,92.1100,6.6200,4.2500,2.3700,True,5.2500,1.3700,True,6.7500,-0.1300,False
2022-02-23,99.2900,92.1400,7.1500,4.2500,2.9000,True,5.2500,1.9000,True,6.7500,0.4000,True
2022-02-24,101.2900,92.7700,8.5200,4.2500,4.2700,True,5.2500,3.2700,True,6.7500,1.7700,True
2022-02-25,98.5600,91.6800,6.8800,4.2500,2.6300,True,5.2500,1.6300,True,6.7500,0.1300,True
2022-02-28,103.0800,96.1300,6.9500,4.2500,2.7000,True,5.2500,1.7000,True,6.7500,0.2000,True
2022-03-01,110.9300,103.6600,7.2700,4.2500,3.0200,True,5.2500,2.0200,True,6.7500,0.5200,True
2022-03-02,118.9400,110.7400,8.2000,4.2500,3.9500,True,5.2500,2.9500,True,6.7500,1.4500,True
2022-03-03,115.3600,107.6900,7.6700,4.2500,3.4200,True,5.2500,2.4200,True,6.7500,0.9200,True
2022-03-04,123.8600,115.7700,8.0900,4.2500,3.8400,True,5.2500,2.8400,True,6.7500,1.3400,True
2022-03-07,129.0200,119.2600,9.7600,4.2500,5.5100,True,5.2500,4.5100,True,6.7500,3.0100,True
2022-03-08,133.1800,123.6400,9.5400,4.2500,5.2900,True,5.2500,4.2900,True,6.7500,2.7900,True
2022-03-09,116.5800,108.8100,7.7700,4.2500,3.5200,True,5.2500,2.5200,True,6.7500,1.0200,True
2022-03-10,114.5400,105.9300,8.6100,4.2500,4.3600,True,5.2500,3.3600,True,6.7500,1.8600,True
2022-03-11,118.1100,109.3100,8.8000,4.2500,4.5500,True,5.2500,3.5500,True,6.7500,2.0500,True
2022-03-14,110.3900,103.2200,7.1700,4.2500,2.9200,True,5.2500,1.9200,True,6.7500,0.4200,True
2022-03-15,105.1400,96.4200,8.7200,4.2500,4.4700,True,5.2500,3.4700,True,6.7500,1.9700,True
2022-03-16,104.6100,94.8500,9.7600,4.2500,5.5100,True,5.2500,4.5100,True,6.7500,3.0100,True
2022-03-17,113.5000,102.9700,10.5300,4.2500,6.2800,True,5.2500,5.2800,True,6.7500,3.7800,True
2022-03-18,114.3200,104.6900,9.6300,4.2500,5.3800,True,5.2500,4.3800,True,6.7500,2.8800,True
2022-03-21,122.2900,112.1400,10.1500,4.2500,5.9000,True,5.2500,4.9000,True,6.7500,3.4000,True
2022-03-22,121.5300,111.0300,10.5000,4.2500,6.2500,True,5.2500,5.2500,True,6.7500,3.7500,True
2022-03-23,127.5200,114.8900,12.6300,4.2500,8.3800,True,5.2500,7.3800,True,6.7500,5.8800,True
2022-03-24,123.9800,114.2000,9.7800,4.2500,5.5300,True,5.2500,4.5300,True,6.7500,3.0300,True
2022-03-25,122.6700,116.2000,6.4700,4.2500,2.2200,True,5.2500,1.2200,True,6.7500,-0.2800,False
2022-03-28,114.5000,107.5500,6.9500,4.2500,2.7000,True,5.2500,1.7000,True,6.7500,0.2000,True
2022-03-29,112.7900,104.2500,8.5400,4.2500,4.2900,True,5.2500,3.2900,True,6.7500,1.7900,True
2022-03-30,115.5900,107.8100,7.7800,4.2500,3.5300,True,5.2500,2.5300,True,6.7500,1.0300,True
2022-03-31,107.2900,100.5300,6.7600,4.2500,2.5100,True,5.2500,1.5100,True,6.7500,0.0100,True
2022-04-01,106.1300,99.3200,6.8100,4.2500,2.5600,True,5.2500,1.5600,True,6.7500,0.0600,True
2022-04-04,108.1500,103.2900,4.8600,4.2500,0.6100,True,5.2500,-0.3900,False,6.7500,-1.8900,False
2022-04-05,106.6000,101.9800,4.6200,4.2500,0.3700,True,5.2500,-0.6300,False,6.7500,-2.1300,False
2022-04-06,100.8100,96.3900,4.4200,4.2500,0.1700,True,5.2500,-0.8300,False,6.7500,-2.3300,False
2022-04-07,99.8300,96.0500,3.7800,4.2500,-0.4700,False,5.2500,-1.4700,False,6.7500,-2.9700,False
2022-04-08,101.2600,98.3500,2.9100,4.2500,-1.3400,False,5.2500,-2.3400,False,6.7500,-3.8400,False
2022-04-11,97.9200,94.2200,3.7000,4.2500,-0.5500,False,5.2500,-1.5500,False,6.7500,-3.0500,False
2022-04-12,104.4200,100.5200,3.9000,4.2500,-0.3500,False,5.2500,-1.3500,False,6.7500,-2.8500,False
2022-04-13,108.4900,104.2600,4.2300,4.2500,-0.0200,False,5.2500,-1.0200,False,6.7500,-2.5200,False
2022-04-14,110.8300,106.8400,3.9900,4.2500,-0.2600,False,5.2500,-1.2600,False,6.7500,-2.7600,False
2022-04-19,105.4900,102.5400,2.9500,4.2500,-1.3000,False,5.2500,-2.3000,False,6.7500,-3.8000,False
2022-04-20,105.0500,102.5600,2.4900,4.2500,-1.7600,False,5.2500,-2.7600,False,6.7500,-4.2600,False
2022-04-21,107.2000,103.8900,3.3100,4.2500,-0.9400,False,5.2500,-1.9400,False,6.7500,-3.4400,False
2022-04-22,105.1500,102.8600,2.2900,4.2500,-1.9600,False,5.2500,-2.9600,False,6.7500,-4.4600,False
2022-04-25,99.2700,99.6000,-0.3300,4.2500,-4.5800,False,5.2500,-5.5800,False,6.7500,-7.0800,False
2022-04-26,102.8900,102.6200,0.2700,4.2500,-3.9800,False,5.2500,-4.9800,False,6.7500,-6.4800,False
2022-04-27,103.3000,101.9600,1.3400,4.2500,-2.9100,False,5.2500,-3.9100,False,6.7500,-5.4100,False
2022-04-28,105.7800,105.4700,0.3100,4.2500,-3.9400,False,5.2500,-4.9400,False,6.7500,-6.4400,False
2022-04-29,108.3600,104.5900,3.7700,4.2500,-0.4800,False,5.2500,-1.4800,False,6.7500,-2.9800,False
2022-05-03,104.9400,102.5300,2.4100,4.2500,-1.8400,False,5.2500,-2.8400,False,6.7500,-4.3400,False
2022-05-04,110.5300,107.8400,2.6900,4.2500,-1.5600,False,5.2500,-2.5600,False,6.7500,-4.0600,False
2022-05-05,112.1100,108.1700,3.9400,4.2500,-0.3100,False,5.2500,-1.3100,False,6.7500,-2.8100,False
2022-05-06,113.8600,109.7200,4.1400,4.2500,-0.1100,False,5.2500,-1.1100,False,6.7500,-2.6100,False
2022-05-09,106.6700,103.0800,3.5900,4.2500,-0.6600,False,5.2500,-1.6600,False,6.7500,-3.1600,False
2022-05-10,102.6100,99.7400,2.8700,4.2500,-1.3800,False,5.2500,-2.3800,False,6.7500,-3.8800,False
2022-05-11,107.7000,105.5000,2.2000,4.2500,-2.0500,False,5.2500,-3.0500,False,6.7500,-4.5500,False
2022-05-12,108.0600,106.1500,1.9100,4.2500,-2.3400,False,5.2500,-3.3400,False,6.7500,-4.8400,False
2022-05-13,112.1200,110.5200,1.6000,4.2500,-2.6500,False,5.2500,-3.6500,False,6.7500,-5.1500,False
2022-05-16,114.8600,114.0700,0.7900,4.2500,-3.4600,False,5.2500,-4.4600,False,6.7500,-5.9600,False
2022-05-17,112.8900,112.3100,0.5800,4.2500,-3.6700,False,5.2500,-4.6700,False,6.7500,-6.1700,False
2022-05-18,110.0400,109.6700,0.3700,4.2500,-3.8800,False,5.2500,-4.8800,False,6.7500,-6.3800,False
2022-05-19,113.2200,112.2100,1.0100,4.2500,-3.2400,False,5.2500,-4.2400,False,6.7500,-5.7400,False
2022-05-20,113.6300,112.6300,1.0000,4.2500,-3.2500,False,5.2500,-4.2500,False,6.7500,-5.7500,False
2022-05-23,115.1300,110.3200,4.8100,4.2500,0.5600,True,5.2500,-0.4400,False,6.7500,-1.9400,False
2022-05-24,115.7700,112.5500,3.2200,4.2500,-1.0300,False,5.2500,-2.0300,False,6.7500,-3.5300,False
2022-05-25,116.4100,112.8800,3.5300,4.2500,-0.7200,False,5.2500,-1.7200,False,6.7500,-3.2200,False
2022-05-26,119.8100,116.1900,3.6200,4.2500,-0.6300,False,5.2500,-1.6300,False,6.7500,-3.1300,False
2022-05-27,121.1900,114.9600,6.2300,4.2500,1.9800,True,5.2500,0.9800,True,6.7500,-0.5200,False
2022-05-31,125.5300,114.3800,11.1500,4.2500,6.9000,True,5.2500,5.9000,True,6.7500,4.4000,True
2022-06-01,122.2000,115.2600,6.9400,4.2500,2.6900,True,5.2500,1.6900,True,6.7500,0.1900,True
2022-06-03,125.6800,118.9700,6.7100,4.2500,2.4600,True,5.2500,1.4600,True,6.7500,-0.0400,False
2022-06-06,124.9900,118.4100,6.5800,4.2500,2.3300,True,5.2500,1.3300,True,6.7500,-0.1700,False
2022-06-07,126.8900,119.5500,7.3400,4.2500,3.0900,True,5.2500,2.0900,True,6.7500,0.5900,True
2022-06-08,129.2000,121.9400,7.2600,4.2500,3.0100,True,5.2500,2.0100,True,6.7500,0.5100,True
2022-06-09,128.4700,121.5200,6.9500,4.2500,2.7000,True,5.2500,1.7000,True,6.7500,0.2000,True
2022-06-10,127.4400,120.7300,6.7100,4.2500,2.4600,True,5.2500,1.4600,True,6.7500,-0.0400,False
2022-06-13,128.4400,120.9200,7.5200,4.2500,3.2700,True,5.2500,2.2700,True,6.7500,0.7700,True
2022-06-14,127.0200,118.9200,8.1000,4.2500,3.8500,True,5.2500,2.8500,True,6.7500,1.3500,True
2022-06-15,124.9600,115.3200,9.6400,4.2500,5.3900,True,5.2500,4.3900,True,6.7500,2.8900,True
2022-06-16,125.7800,117.5600,8.2200,4.2500,3.9700,True,5.2500,2.9700,True,6.7500,1.4700,True
2022-06-17,119.2200,109.5600,9.6600,4.2500,5.4100,True,5.2500,4.4100,True,6.7500,2.9100,True
2022-06-21,118.5100,110.4900,8.0200,4.2500,3.7700,True,5.2500,2.7700,True,6.7500,1.2700,True
2022-06-22,115.5400,106.2200,9.3200,4.2500,5.0700,True,5.2500,4.0700,True,6.7500,2.5700,True
2022-06-23,114.5000,105.7500,8.7500,4.2500,4.5000,True,5.2500,3.5000,True,6.7500,2.0000,True
2022-06-24,117.3600,109.0700,8.2900,4.2500,4.0400,True,5.2500,3.0400,True,6.7500,1.5400,True
2022-06-27,119.6900,111.4400,8.2500,4.2500,4.0000,True,5.2500,3.0000,True,6.7500,1.5000,True
2022-06-28,122.2100,113.6600,8.5500,4.2500,4.3000,True,5.2500,3.3000,True,6.7500,1.8000,True
2022-06-29,120.8000,111.6500,9.1500,4.2500,4.9000,True,5.2500,3.9000,True,6.7500,2.4000,True
2022-06-30,119.7800,107.7600,12.0200,4.2500,7.7700,True,5.2500,6.7700,True,6.7500,5.2700,True
2022-07-01,119.2100,110.3000,8.9100,4.2500,4.6600,True,5.2500,3.6600,True,6.7500,2.1600,True
2022-07-05,110.4900,101.5500,8.9400,4.2500,4.6900,True,5.2500,3.6900,True,6.7500,2.1900,True
2022-07-06,108.5400,100.3100,8.2300,4.2500,3.9800,True,5.2500,2.9800,True,6.7500,1.4800,True
2022-07-07,113.4000,104.6200,8.7800,4.2500,4.5300,True,5.2500,3.5300,True,6.7500,2.0300,True
2022-07-08,113.9500,106.7800,7.1700,4.2500,2.9200,True,5.2500,1.9200,True,6.7500,0.4200,True
2022-07-11,114.8500,106.0900,8.7600,4.2500,4.5100,True,5.2500,3.5100,True,6.7500,2.0100,True
2022-07-12,106.9800,97.6900,9.2900,4.2500,5.0400,True,5.2500,4.0400,True,6.7500,2.5400,True
2022-07-13,107.1700,98.4400,8.7300,4.2500,4.4800,True,5.2500,3.4800,True,6.7500,1.9800,True
2022-07-14,107.7400,97.7900,9.9500,4.2500,5.7000,True,5.2500,4.7000,True,6.7500,3.2000,True
2022-07-15,112.2600,99.5900,12.6700,4.2500,8.4200,True,5.2500,7.4200,True,6.7500,5.9200,True
2022-07-18,117.2700,104.4800,12.7900,4.2500,8.5400,True,5.2500,7.5400,True,6.7500,6.0400,True
2022-07-19,114.9600,106.1200,8.8400,4.2500,4.5900,True,5.2500,3.5900,True,6.7500,2.0900,True
2022-07-20,115.8600,104.4500,11.4100,4.2500,7.1600,True,5.2500,6.1600,True,6.7500,4.6600,True
2022-07-21,112.8100,98.4400,14.3700,4.2500,10.1200,True,5.2500,9.1200,True,6.7500,7.6200,True
2022-07-22,106.7700,97.7100,9.0600,4.2500,4.8100,True,5.2500,3.8100,True,6.7500,2.3100,True
2022-07-25,108.2300,99.8300,8.4000,4.2500,4.1500,True,5.2500,3.1500,True,6.7500,1.6500,True
2022-07-26,107.3200,97.7400,9.5800,4.2500,5.3300,True,5.2500,4.3300,True,6.7500,2.8300,True
2022-07-27,109.6400,100.0300,9.6100,4.2500,5.3600,True,5.2500,4.3600,True,6.7500,2.8600,True
2022-07-28,109.6800,99.1100,10.5700,4.2500,6.3200,True,5.2500,5.3200,True,6.7500,3.8200,True
2022-07-29,111.5100,101.3100,10.2000,4.2500,5.9500,True,5.2500,4.9500,True,6.7500,3.4500,True
2022-08-01,106.0900,96.5900,9.5000,4.2500,5.2500,True,5.2500,4.2500,True,6.7500,2.7500,True
2022-08-02,106.5100,97.1400,9.3700,4.2500,5.1200,True,5.2500,4.1200,True,6.7500,2.6200,True
2022-08-03,101.8200,93.2500,8.5700,4.2500,4.3200,True,5.2500,3.3200,True,6.7500,1.8200,True
2022-08-04,97.9900,91.2900,6.7000,4.2500,2.4500,True,5.2500,1.4500,True,6.7500,-0.0500,False
2022-08-05,100.3100,91.7700,8.5400,4.2500,4.2900,True,5.2500,3.2900,True,6.7500,1.7900,True
2022-08-08,103.4600,93.5200,9.9400,4.2500,5.6900,True,5.2500,4.6900,True,6.7500,3.1900,True
2022-08-09,103.8100,93.1800,10.6300,4.2500,6.3800,True,5.2500,5.3800,True,6.7500,3.8800,True
2022-08-10,105.0600,94.6800,10.3800,4.2500,6.1300,True,5.2500,5.1300,True,6.7500,3.6300,True
2022-08-11,107.1900,97.0200,10.1700,4.2500,5.9200,True,5.2500,4.9200,True,6.7500,3.4200,True
2022-08-12,103.7000,94.8600,8.8400,4.2500,4.5900,True,5.2500,3.5900,True,6.7500,2.0900,True
2022-08-15,98.2500,92.2400,6.0100,4.2500,1.7600,True,5.2500,0.7600,True,6.7500,-0.7400,False
2022-08-16,95.3600,89.2300,6.1300,4.2500,1.8800,True,5.2500,0.8800,True,6.7500,-0.6200,False
2022-08-17,97.2200,90.8500,6.3700,4.2500,2.1200,True,5.2500,1.1200,True,6.7500,-0.3800,False
2022-08-18,96.3500,93.2000,3.1500,4.2500,-1.1000,False,5.2500,-2.1000,False,6.7500,-3.6000,False
2022-08-19,96.4500,93.5500,2.9000,4.2500,-1.3500,False,5.2500,-2.3500,False,6.7500,-3.8500,False
2022-08-22,95.0600,93.4200,1.6400,4.2500,-2.6100,False,5.2500,-3.6100,False,6.7500,-5.1100,False
2022-08-23,99.4900,96.4600,3.0300,4.2500,-1.2200,False,5.2500,-2.2200,False,6.7500,-3.7200,False
2022-08-24,99.8700,95.5200,4.3500,4.2500,0.1000,True,5.2500,-0.9000,False,6.7500,-2.4000,False
2022-08-25,98.8100,93.3300,5.4800,4.2500,1.2300,True,5.2500,0.2300,True,6.7500,-1.2700,False
2022-08-26,101.1300,93.6300,7.5000,4.2500,3.2500,True,5.2500,2.2500,True,6.7500,0.7500,True
2022-08-30,99.3400,92.0800,7.2600,4.2500,3.0100,True,5.2500,2.0100,True,6.7500,0.5100,True
2022-08-31,96.5500,90.0900,6.4600,4.2500,2.2100,True,5.2500,1.2100,True,6.7500,-0.2900,False
2022-09-01,92.2400,87.0900,5.1500,4.2500,0.9000,True,5.2500,-0.1000,False,6.7500,-1.6000,False
2022-09-02,93.0900,87.2900,5.8000,4.2500,1.5500,True,5.2500,0.5500,True,6.7500,-0.9500,False
2022-09-06,91.4300,87.3500,4.0800,4.2500,-0.1700,False,5.2500,-1.1700,False,6.7500,-2.6700,False
2022-09-07,86.8300,82.5000,4.3300,4.2500,0.0800,True,5.2500,-0.9200,False,6.7500,-2.4200,False
2022-09-08,87.9900,84.0400,3.9500,4.2500,-0.3000,False,5.2500,-1.3000,False,6.7500,-2.8000,False
2022-09-09,91.6800,87.2700,4.4100,4.2500,0.1600,True,5.2500,-0.8400,False,6.7500,-2.3400,False
2022-09-12,93.4500,88.1800,5.2700,4.2500,1.0200,True,5.2500,0.0200,True,6.7500,-1.4800,False
2022-09-13,92.0400,87.8400,4.2000,4.2500,-0.0500,False,5.2500,-1.0500,False,6.7500,-2.5500,False
2022-09-14,92.8300,88.8800,3.9500,4.2500,-0.3000,False,5.2500,-1.3000,False,6.7500,-2.8000,False
2022-09-15,89.2800,85.7200,3.5600,4.2500,-0.6900,False,5.2500,-1.6900,False,6.7500,-3.1900,False
2022-09-16,89.4300,85.5700,3.8600,4.2500,-0.3900,False,5.2500,-1.3900,False,6.7500,-2.8900,False
2022-09-20,89.6200,84.6900,4.9300,4.2500,0.6800,True,5.2500,-0.3200,False,6.7500,-1.8200,False
2022-09-21,89.8600,83.3800,6.4800,4.2500,2.2300,True,5.2500,1.2300,True,6.7500,-0.2700,False
2022-09-22,90.4000,84.0200,6.3800,4.2500,2.1300,True,5.2500,1.1300,True,6.7500,-0.3700,False
2022-09-23,84.2900,79.0700,5.2200,4.2500,0.9700,True,5.2500,-0.0300,False,6.7500,-1.5300,False
2022-09-26,82.5500,77.1700,5.3800,4.2500,1.1300,True,5.2500,0.1300,True,6.7500,-1.3700,False
2022-09-27,85.9700,78.9100,7.0600,4.2500,2.8100,True,5.2500,1.8100,True,6.7500,0.3100,True
2022-09-28,89.5500,82.6100,6.9400,4.2500,2.6900,True,5.2500,1.6900,True,6.7500,0.1900,True
2022-09-29,89.4100,81.7800,7.6300,4.2500,3.3800,True,5.2500,2.3800,True,6.7500,0.8800,True
2022-09-30,88.9000,79.9100,8.9900,4.2500,4.7400,True,5.2500,3.7400,True,6.7500,2.2400,True
2022-10-03,90.6800,84.0500,6.6300,4.2500,2.3800,True,5.2500,1.3800,True,6.7500,-0.1200,False
2022-10-04,93.7400,86.8700,6.8700,4.2500,2.6200,True,5.2500,1.6200,True,6.7500,0.1200,True
2022-10-05,94.3500,88.2200,6.1300,4.2500,1.8800,True,5.2500,0.8800,True,6.7500,-0.6200,False
2022-10-06,95.6500,88.9000,6.7500,4.2500,2.5000,True,5.2500,1.5000,True,6.7500,0.0000,False
2022-10-07,98.8800,93.0700,5.8100,4.2500,1.5600,True,5.2500,0.5600,True,6.7500,-0.9400,False
2022-10-10,97.1300,91.6000,5.5300,4.2500,1.2800,True,5.2500,0.2800,True,6.7500,-1.2200,False
2022-10-11,95.1700,89.7500,5.4200,4.2500,1.1700,True,5.2500,0.1700,True,6.7500,-1.3300,False
2022-10-12,93.4400,87.8300,5.6100,4.2500,1.3600,True,5.2500,0.3600,True,6.7500,-1.1400,False
2022-10-13,95.1600,89.5900,5.5700,4.2500,1.3200,True,5.2500,0.3200,True,6.7500,-1.1800,False
2022-10-14,92.2200,86.1000,6.1200,4.2500,1.8700,True,5.2500,0.8700,True,6.7500,-0.6300,False
2022-10-17,91.0400,86.0000,5.0400,4.2500,0.7900,True,5.2500,-0.2100,False,6.7500,-1.7100,False
2022-10-18,89.4600,83.2900,6.1700,4.2500,1.9200,True,5.2500,0.9200,True,6.7500,-0.5800,False
2022-10-19,91.3400,86.0000,5.3400,4.2500,1.0900,True,5.2500,0.0900,True,6.7500,-1.4100,False
2022-10-20,91.5200,86.0200,5.5000,4.2500,1.2500,True,5.2500,0.2500,True,6.7500,-1.2500,False
2022-10-21,91.8200,85.4700,6.3500,4.2500,2.1000,True,5.2500,1.1000,True,6.7500,-0.4000,False
2022-10-24,91.5700,86.1200,5.4500,4.2500,1.2000,True,5.2500,0.2000,True,6.7500,-1.3000,False
2022-10-26,92.9300,89.3900,3.5400,4.2500,-0.7100,False,5.2500,-1.7100,False,6.7500,-3.2100,False
2022-10-27,94.1700,89.0600,5.1100,4.2500,0.8600,True,5.2500,-0.1400,False,6.7500,-1.6400,False
2022-10-28,94.6400,87.8500,6.7900,4.2500,2.5400,True,5.2500,1.5400,True,6.7500,0.0400,True
2022-10-31,93.3000,86.5400,6.7600,4.2500,2.5100,True,5.2500,1.5100,True,6.7500,0.0100,True
2022-11-01,95.1200,88.3600,6.7600,4.2500,2.5100,True,5.2500,1.5100,True,6.7500,0.0100,True
2022-11-02,96.0700,90.0600,6.0100,4.2500,1.7600,True,5.2500,0.7600,True,6.7500,-0.7400,False
2022-11-03,95.2900,88.1400,7.1500,4.2500,2.9000,True,5.2500,1.9000,True,6.7500,0.4000,True
2022-11-04,99.5300,92.5800,6.9500,4.2500,2.7000,True,5.2500,1.7000,True,6.7500,0.2000,True
2022-11-07,99.8700,91.8000,8.0700,4.2500,3.8200,True,5.2500,2.8200,True,6.7500,1.3200,True
2022-11-08,96.8500,88.8000,8.0500,4.2500,3.8000,True,5.2500,2.8000,True,6.7500,1.3000,True
2022-11-09,93.0500,85.7900,7.2600,4.2500,3.0100,True,5.2500,2.0100,True,6.7500,0.5100,True
2022-11-10,94.2500,86.5200,7.7300,4.2500,3.4800,True,5.2500,2.4800,True,6.7500,0.9800,True
2022-11-11,96.3700,89.1400,7.2300,4.2500,2.9800,True,5.2500,1.9800,True,6.7500,0.4800,True
2022-11-14,93.5900,85.8500,7.7400,4.2500,3.4900,True,5.2500,2.4900,True,6.7500,0.9900,True
2022-11-15,94.3000,86.8700,7.4300,4.2500,3.1800,True,5.2500,2.1800,True,6.7500,0.6800,True
2022-11-16,92.6100,85.6200,6.9900,4.2500,2.7400,True,5.2500,1.7400,True,6.7500,0.2400,True
2022-11-17,91.0000,81.6900,9.3100,4.2500,5.0600,True,5.2500,4.0600,True,6.7500,2.5600,True
2022-11-18,88.9300,80.0700,8.8600,4.2500,4.6100,True,5.2500,3.6100,True,6.7500,2.1100,True
2022-11-21,88.4400,79.7400,8.7000,4.2500,4.4500,True,5.2500,3.4500,True,6.7500,1.9500,True
2022-11-22,88.6500,80.8300,7.8200,4.2500,3.5700,True,5.2500,2.5700,True,6.7500,1.0700,True
2022-11-23,85.9000,77.9300,7.9700,4.2500,3.7200,True,5.2500,2.7200,True,6.7500,1.2200,True
2022-11-25,83.4000,76.4500,6.9500,4.2500,2.7000,True,5.2500,1.7000,True,6.7500,0.2000,True
2022-11-28,83.5000,77.1000,6.4000,4.2500,2.1500,True,5.2500,1.1500,True,6.7500,-0.3500,False
2022-11-29,83.2200,77.9600,5.2600,4.2500,1.0100,True,5.2500,0.0100,True,6.7500,-1.4900,False
2022-11-30,85.6100,80.4800,5.1300,4.2500,0.8800,True,5.2500,-0.1200,False,6.7500,-1.6200,False
2022-12-01,86.2800,81.0600,5.2200,4.2500,0.9700,True,5.2500,-0.0300,False,6.7500,-1.5300,False
2022-12-02,86.5400,79.8600,6.6800,4.2500,2.4300,True,5.2500,1.4300,True,6.7500,-0.0700,False
2022-12-05,83.3600,76.8300,6.5300,4.2500,2.2800,True,5.2500,1.2800,True,6.7500,-0.2200,False
2022-12-06,79.9200,74.2100,5.7100,4.2500,1.4600,True,5.2500,0.4600,True,6.7500,-1.0400,False
2022-12-07,77.1100,71.9300,5.1800,4.2500,0.9300,True,5.2500,-0.0700,False,6.7500,-1.5700,False
2022-12-08,76.0200,71.3000,4.7200,4.2500,0.4700,True,5.2500,-0.5300,False,6.7500,-2.0300,False
2022-12-09,76.3700,71.0500,5.3200,4.2500,1.0700,True,5.2500,0.0700,True,6.7500,-1.4300,False
2022-12-12,78.0000,72.9600,5.0400,4.2500,0.7900,True,5.2500,-0.2100,False,6.7500,-1.7100,False
2022-12-14,83.3300,77.1400,6.1900,4.2500,1.9400,True,5.2500,0.9400,True,6.7500,-0.5600,False
2022-12-15,82.3400,75.8900,6.4500,4.2500,2.2000,True,5.2500,1.2000,True,6.7500,-0.3000,False
2022-12-16,80.2000,74.1900,6.0100,4.2500,1.7600,True,5.2500,0.7600,True,6.7500,-0.7400,False
2022-12-19,81.6600,75.0500,6.6100,4.2500,2.3600,True,5.2500,1.3600,True,6.7500,-0.1400,False
2022-12-20,79.4500,75.9200,3.5300,4.2500,-0.7200,False,5.2500,-1.7200,False,6.7500,-3.2200,False
2022-12-21,80.2500,78.1700,2.0800,4.2500,-2.1700,False,5.2500,-3.1700,False,6.7500,-4.6700,False
2022-12-22,79.5800,77.6800,1.9000,4.2500,-2.3500,False,5.2500,-3.3500,False,6.7500,-4.8500,False
2022-12-23,82.4500,79.5700,2.8800,4.2500,-1.3700,False,5.2500,-2.3700,False,6.7500,-3.8700,False
2022-12-28,81.7000,78.8900,2.8100,4.2500,-1.4400,False,5.2500,-2.4400,False,6.7500,-3.9400,False
2022-12-29,80.9600,78.4300,2.5300,4.2500,-1.7200,False,5.2500,-2.7200,False,6.7500,-4.2200,False
2022-12-30,82.8200,80.1600,2.6600,4.2500,-1.5900,False,5.2500,-2.5900,False,6.7500,-4.0900,False
2023-01-03,80.3600,76.8700,3.4900,4.2500,-0.7600,False,5.2500,-1.7600,False,6.7500,-3.2600,False
2023-01-04,75.3100,72.8200,2.4900,4.2500,-1.7600,False,5.2500,-2.7600,False,6.7500,-4.2600,False
2023-01-05,76.7300,73.6100,3.1200,4.2500,-1.1300,False,5.2500,-2.1300,False,6.7500,-3.6300,False
2023-01-06,76.4100,73.7700,2.6400,4.2500,-1.6100,False,5.2500,-2.6100,False,6.7500,-4.1100,False
2023-01-09,77.5000,74.6900,2.8100,4.2500,-1.4400,False,5.2500,-2.4400,False,6.7500,-3.9400,False
2023-01-10,78.4000,75.1100,3.2900,4.2500,-0.9600,False,5.2500,-1.9600,False,6.7500,-3.4600,False
2023-01-11,81.1100,77.4600,3.6500,4.2500,-0.6000,False,5.2500,-1.6000,False,6.7500,-3.1000,False
2023-01-12,82.5900,78.3200,4.2700,4.2500,0.0200,True,5.2500,-0.9800,False,6.7500,-2.4800,False
2023-01-13,83.4300,79.9000,3.5300,4.2500,-0.7200,False,5.2500,-1.7200,False,6.7500,-3.2200,False
2023-01-17,84.3800,80.2500,4.1300,4.2500,-0.1200,False,5.2500,-1.1200,False,6.7500,-2.6200,False
2023-01-18,83.7800,79.5300,4.2500,4.2500,0.0000,False,5.2500,-1.0000,False,6.7500,-2.5000,False
2023-01-19,85.0800,80.3100,4.7700,4.2500,0.5200,True,5.2500,-0.4800,False,6.7500,-1.9800,False
2023-01-20,86.9600,81.2700,5.6900,4.2500,1.4400,True,5.2500,0.4400,True,6.7500,-1.0600,False
2023-01-23,87.5400,81.6200,5.9200,4.2500,1.6700,True,5.2500,0.6700,True,6.7500,-0.8300,False
2023-01-24,85.2500,79.8600,5.3900,4.2500,1.1400,True,5.2500,0.1400,True,6.7500,-1.3600,False
2023-01-25,85.0800,79.7800,5.3000,4.2500,1.0500,True,5.2500,0.0500,True,6.7500,-1.4500,False
2023-01-26,86.2900,80.6400,5.6500,4.2500,1.4000,True,5.2500,0.4000,True,6.7500,-1.1000,False
2023-01-27,85.3600,79.7300,5.6300,4.2500,1.3800,True,5.2500,0.3800,True,6.7500,-1.1200,False
2023-01-30,84.9000,77.9700,6.9300,4.2500,2.6800,True,5.2500,1.6800,True,6.7500,0.1800,True
2023-01-31,83.4200,78.9500,4.4700,4.2500,0.2200,True,5.2500,-0.7800,False,6.7500,-2.2800,False
2023-02-01,81.6100,76.3400,5.2700,4.2500,1.0200,True,5.2500,0.0200,True,6.7500,-1.4800,False
2023-02-02,80.5700,75.8700,4.7000,4.2500,0.4500,True,5.2500,-0.5500,False,6.7500,-2.0500,False
2023-02-03,78.8500,73.4000,5.4500,4.2500,1.2000,True,5.2500,0.2000,True,6.7500,-1.3000,False
2023-02-06,80.4800,74.1100,6.3700,4.2500,2.1200,True,5.2500,1.1200,True,6.7500,-0.3800,False
2023-02-07,82.9200,77.1700,5.7500,4.2500,1.5000,True,5.2500,0.5000,True,6.7500,-1.0000,False
2023-02-08,84.1700,78.4700,5.7000,4.2500,1.4500,True,5.2500,0.4500,True,6.7500,-1.0500,False
2023-02-09,83.4600,78.0400,5.4200,4.2500,1.1700,True,5.2500,0.1700,True,6.7500,-1.3300,False
2023-02-10,85.4600,79.7400,5.7200,4.2500,1.4700,True,5.2500,0.4700,True,6.7500,-1.0300,False
2023-02-13,85.9800,80.1400,5.8400,4.2500,1.5900,True,5.2500,0.5900,True,6.7500,-0.9100,False
2023-02-14,84.9600,79.0800,5.8800,4.2500,1.6300,True,5.2500,0.6300,True,6.7500,-0.8700,False
2023-02-15,84.1100,78.5700,5.5400,4.2500,1.2900,True,5.2500,0.2900,True,6.7500,-1.2100,False
2023-02-16,83.8400,78.4500,5.3900,4.2500,1.1400,True,5.2500,0.1400,True,6.7500,-1.3600,False
2023-02-17,81.9700,76.3100,5.6600,4.2500,1.4100,True,5.2500,0.4100,True,6.7500,-1.0900,False
2023-02-21,82.1400,76.2800,5.8600,4.2500,1.6100,True,5.2500,0.6100,True,6.7500,-0.8900,False
2023-02-22,79.5500,73.9500,5.6000,4.2500,1.3500,True,5.2500,0.3500,True,6.7500,-1.1500,False
2023-02-23,82.0800,75.2600,6.8200,4.2500,2.5700,True,5.2500,1.5700,True,6.7500,0.0700,True
2023-02-24,82.3100,76.1900,6.1200,4.2500,1.8700,True,5.2500,0.8700,True,6.7500,-0.6300,False
2023-02-27,81.2400,75.5700,5.6700,4.2500,1.4200,True,5.2500,0.4200,True,6.7500,-1.0800,False
2023-02-28,83.2100,76.8800,6.3300,4.2500,2.0800,True,5.2500,1.0800,True,6.7500,-0.4200,False
2023-03-01,83.6800,77.5700,6.1100,4.2500,1.8600,True,5.2500,0.8600,True,6.7500,-0.6400,False
2023-03-02,84.1500,78.0500,6.1000,4.2500,1.8500,True,5.2500,0.8500,True,6.7500,-0.6500,False
2023-03-03,85.7400,79.6200,6.1200,4.2500,1.8700,True,5.2500,0.8700,True,6.7500,-0.6300,False
2023-03-06,85.8600,80.3900,5.4700,4.2500,1.2200,True,5.2500,0.2200,True,6.7500,-1.2800,False
2023-03-08,82.1000,76.5600,5.5400,4.2500,1.2900,True,5.2500,0.2900,True,6.7500,-1.2100,False
2023-03-09,81.0000,75.6000,5.4000,4.2500,1.1500,True,5.2500,0.1500,True,6.7500,-1.3500,False
2023-03-10,82.3000,76.5500,5.7500,4.2500,1.5000,True,5.2500,0.5000,True,6.7500,-1.0000,False
2023-03-13,79.6700,74.6800,4.9900,4.2500,0.7400,True,5.2500,-0.2600,False,6.7500,-1.7600,False
2023-03-14,76.7700,71.1800,5.5900,4.2500,1.3400,True,5.2500,0.3400,True,6.7500,-1.1600,False
2023-03-15,74.3000,67.3800,6.9200,4.2500,2.6700,True,5.2500,1.6700,True,6.7500,0.1700,True
2023-03-16,73.1200,68.1500,4.9700,4.2500,0.7200,True,5.2500,-0.2800,False,6.7500,-1.7800,False
2023-03-17,71.0300,66.6100,4.4200,4.2500,0.1700,True,5.2500,-0.8300,False,6.7500,-2.3300,False
2023-03-20,72.4200,67.5600,4.8600,4.2500,0.6100,True,5.2500,-0.3900,False,6.7500,-1.8900,False
2023-03-21,74.7800,69.4000,5.3800,4.2500,1.1300,True,5.2500,0.1300,True,6.7500,-1.3700,False
2023-03-22,76.0800,70.7100,5.3700,4.2500,1.1200,True,5.2500,0.1200,True,6.7500,-1.3800,False
2023-03-23,74.3100,69.7700,4.5400,4.2500,0.2900,True,5.2500,-0.7100,False,6.7500,-2.2100,False
2023-03-24,73.6300,69.2200,4.4100,4.2500,0.1600,True,5.2500,-0.8400,False,6.7500,-2.3400,False
2023-03-27,76.8000,72.8700,3.9300,4.2500,-0.3200,False,5.2500,-1.3200,False,6.7500,-2.8200,False
2023-03-28,78.0700,73.1200,4.9500,4.2500,0.7000,True,5.2500,-0.3000,False,6.7500,-1.8000,False
2023-03-29,77.5100,72.9500,4.5600,4.2500,0.3100,True,5.2500,-0.6900,False,6.7500,-2.1900,False
2023-03-30,78.4500,74.3200,4.1300,4.2500,-0.1200,False,5.2500,-1.1200,False,6.7500,-2.6200,False
2023-03-31,79.1900,75.6800,3.5100,4.2500,-0.7400,False,5.2500,-1.7400,False,6.7500,-3.2400,False
2023-04-03,85.8100,80.4000,5.4100,4.2500,1.1600,True,5.2500,0.1600,True,6.7500,-1.3400,False
2023-04-04,85.7000,80.7000,5.0000,4.2500,0.7500,True,5.2500,-0.2500,False,6.7500,-1.7500,False
2023-04-05,85.8900,80.6900,5.2000,4.2500,0.9500,True,5.2500,-0.0500,False,6.7500,-1.5500,False
2023-04-06,86.5600,80.7000,5.8600,4.2500,1.6100,True,5.2500,0.6100,True,6.7500,-0.8900,False
2023-04-11,87.3200,81.5400,5.7800,4.2500,1.5300,True,5.2500,0.5300,True,6.7500,-0.9700,False
2023-04-12,88.3100,83.2600,5.0500,4.2500,0.8000,True,5.2500,-0.2000,False,6.7500,-1.7000,False
2023-04-13,86.5100,82.1600,4.3500,4.2500,0.1000,True,5.2500,-0.9000,False,6.7500,-2.4000,False
2023-04-14,87.3100,82.5800,4.7300,4.2500,0.4800,True,5.2500,-0.5200,False,6.7500,-2.0200,False
2023-04-17,85.6300,80.9300,4.7000,4.2500,0.4500,True,5.2500,-0.5500,False,6.7500,-2.0500,False
2023-04-18,85.4800,80.8500,4.6300,4.2500,0.3800,True,5.2500,-0.6200,False,6.7500,-2.1200,False
2023-04-19,85.3400,79.1800,6.1600,4.2500,1.9100,True,5.2500,0.9100,True,6.7500,-0.5900,False
2023-04-20,83.2900,77.2700,6.0200,4.2500,1.7700,True,5.2500,0.7700,True,6.7500,-0.7300,False
2023-04-21,83.3600,77.8600,5.5000,4.2500,1.2500,True,5.2500,0.2500,True,6.7500,-1.2500,False
2023-04-24,84.2300,78.6400,5.5900,4.2500,1.3400,True,5.2500,0.3400,True,6.7500,-1.1600,False
2023-04-25,82.1300,77.0500,5.0800,4.2500,0.8300,True,5.2500,-0.1700,False,6.7500,-1.6700,False
2023-04-26,79.1900,74.3300,4.8600,4.2500,0.6100,True,5.2500,-0.3900,False,6.7500,-1.8900,False
2023-04-27,80.1100,74.7700,5.3400,4.2500,1.0900,True,5.2500,0.0900,True,6.7500,-1.4100,False
2023-04-28,81.3200,76.7800,4.5400,4.2500,0.2900,True,5.2500,-0.7100,False,6.7500,-2.2100,False
2023-05-02,76.7100,71.7100,5.0000,4.2500,0.7500,True,5.2500,-0.2500,False,6.7500,-1.7500,False
2023-05-03,72.9100,68.6200,4.2900,4.2500,0.0400,True,5.2500,-0.9600,False,6.7500,-2.4600,False
2023-05-04,73.0000,68.5200,4.4800,4.2500,0.2300,True,5.2500,-0.7700,False,6.7500,-2.2700,False
2023-05-05,75.8500,71.3200,4.5300,4.2500,0.2800,True,5.2500,-0.7200,False,6.7500,-2.2200,False
2023-05-09,77.7600,73.6800,4.0800,4.2500,-0.1700,False,5.2500,-1.1700,False,6.7500,-2.6700,False
2023-05-10,76.7000,72.5300,4.1700,4.2500,-0.0800,False,5.2500,-1.0800,False,6.7500,-2.5800,False
2023-05-11,75.3200,70.8100,4.5100,4.2500,0.2600,True,5.2500,-0.7400,False,6.7500,-2.2400,False
2023-05-12,74.5400,70.0200,4.5200,4.2500,0.2700,True,5.2500,-0.7300,False,6.7500,-2.2300,False
2023-05-15,75.4600,71.0700,4.3900,4.2500,0.1400,True,5.2500,-0.8600,False,6.7500,-2.3600,False
2023-05-16,75.1500,70.8500,4.3000,4.2500,0.0500,True,5.2500,-0.9500,False,6.7500,-2.4500,False
2023-05-17,76.9800,72.7800,4.2000,4.2500,-0.0500,False,5.2500,-1.0500,False,6.7500,-2.5500,False
2023-05-18,75.7500,71.8200,3.9300,4.2500,-0.3200,False,5.2500,-1.3200,False,6.7500,-2.8200,False
2023-05-19,75.4200,71.5700,3.8500,4.2500,-0.4000,False,5.2500,-1.4000,False,6.7500,-2.9000,False
2023-05-22,75.7700,71.8100,3.9600,4.2500,-0.2900,False,5.2500,-1.2900,False,6.7500,-2.7900,False
2023-05-23,76.6600,72.8700,3.7900,4.2500,-0.4600,False,5.2500,-1.4600,False,6.7500,-2.9600,False
2023-05-24,77.9900,74.3700,3.6200,4.2500,-0.6300,False,5.2500,-1.6300,False,6.7500,-3.1300,False
2023-05-25,75.6600,71.6800,3.9800,4.2500,-0.2700,False,5.2500,-1.2700,False,6.7500,-2.7700,False
2023-05-26,76.3300,72.3500,3.9800,4.2500,-0.2700,False,5.2500,-1.2700,False,6.7500,-2.7700,False
2023-05-30,73.3800,69.4500,3.9300,4.2500,-0.3200,False,5.2500,-1.3200,False,6.7500,-2.8200,False
2023-05-31,71.9800,68.1100,3.8700,4.2500,-0.3800,False,5.2500,-1.3800,False,6.7500,-2.8800,False
2023-06-01,74.1800,70.0900,4.0900,4.2500,-0.1600,False,5.2500,-1.1600,False,6.7500,-2.6600,False
2023-06-02,76.0000,71.7600,4.2400,4.2500,-0.0100,False,5.2500,-1.0100,False,6.7500,-2.5100,False
2023-06-05,76.6100,72.1400,4.4700,4.2500,0.2200,True,5.2500,-0.7800,False,6.7500,-2.2800,False
2023-06-06,76.2200,71.7100,4.5100,4.2500,0.2600,True,5.2500,-0.7400,False,6.7500,-2.2400,False
2023-06-07,76.8500,72.5200,4.3300,4.2500,0.0800,True,5.2500,-0.9200,False,6.7500,-2.4200,False
2023-06-08,75.8800,71.2800,4.6000,4.2500,0.3500,True,5.2500,-0.6500,False,6.7500,-2.1500,False
2023-06-09,74.7400,70.1600,4.5800,4.2500,0.3300,True,5.2500,-0.6700,False,6.7500,-2.1700,False
2023-06-12,71.8000,67.0800,4.7200,4.2500,0.4700,True,5.2500,-0.5300,False,6.7500,-2.0300,False
2023-06-13,74.2400,69.3900,4.8500,4.2500,0.6000,True,5.2500,-0.4000,False,6.7500,-1.9000,False
2023-06-14,73.3900,68.2200,5.1700,4.2500,0.9200,True,5.2500,-0.0800,False,6.7500,-1.5800,False
2023-06-15,75.7500,70.6100,5.1400,4.2500,0.8900,True,5.2500,-0.1100,False,6.7500,-1.6100,False
2023-06-16,76.7600,71.8100,4.9500,4.2500,0.7000,True,5.2500,-0.3000,False,6.7500,-1.8000,False
2023-06-20,75.7900,70.9400,4.8500,4.2500,0.6000,True,5.2500,-0.4000,False,6.7500,-1.9000,False
2023-06-21,76.9200,72.5500,4.3700,4.2500,0.1200,True,5.2500,-0.8800,False,6.7500,-2.3800,False
2023-06-22,73.9300,69.2200,4.7100,4.2500,0.4600,True,5.2500,-0.5400,False,6.7500,-2.0400,False
2023-06-23,73.5600,68.9100,4.6500,4.2500,0.4000,True,5.2500,-0.6000,False,6.7500,-2.1000,False
2023-06-26,73.8600,69.0900,4.7700,4.2500,0.5200,True,5.2500,-0.4800,False,6.7500,-1.9800,False
2023-06-27,71.8800,67.6800,4.2000,4.2500,-0.0500,False,5.2500,-1.0500,False,6.7500,-2.5500,False
2023-06-28,73.6400,69.5400,4.1000,4.2500,-0.1500,False,5.2500,-1.1500,False,6.7500,-2.6500,False
2023-06-29,73.8600,69.8500,4.0100,4.2500,-0.2400,False,5.2500,-1.2400,False,6.7500,-2.7400,False
2023-06-30,74.5100,70.6600,3.8500,4.2500,-0.4000,False,5.2500,-1.4000,False,6.7500,-2.9000,False
2023-07-03,74.5200,69.7100,4.8100,4.2500,0.5600,True,5.2500,-0.4400,False,6.7500,-1.9400,False
2023-07-05,76.7400,71.7800,4.9600,4.2500,0.7100,True,5.2500,-0.2900,False,6.7500,-1.7900,False
2023-07-06,76.7200,71.7600,4.9600,4.2500,0.7100,True,5.2500,-0.2900,False,6.7500,-1.7900,False
2023-07-07,78.7700,73.9100,4.8600,4.2500,0.6100,True,5.2500,-0.3900,False,6.7500,-1.8900,False
2023-07-10,77.8300,73.0500,4.7800,4.2500,0.5300,True,5.2500,-0.4700,False,6.7500,-1.9700,False
2023-07-11,79.5400,74.8700,4.6700,4.2500,0.4200,True,5.2500,-0.5800,False,6.7500,-2.0800,False
2023-07-12,80.3500,75.7700,4.5800,4.2500,0.3300,True,5.2500,-0.6700,False,6.7500,-2.1700,False
2023-07-13,81.3100,76.8600,4.4500,4.2500,0.2000,True,5.2500,-0.8000,False,6.7500,-2.3000,False
2023-07-14,79.9000,75.4400,4.4600,4.2500,0.2100,True,5.2500,-0.7900,False,6.7500,-2.2900,False
2023-07-17,77.8000,74.1700,3.6300,4.2500,-0.6200,False,5.2500,-1.6200,False,6.7500,-3.1200,False
2023-07-18,79.5400,75.7600,3.7800,4.2500,-0.4700,False,5.2500,-1.4700,False,6.7500,-2.9700,False
2023-07-19,79.3800,75.4000,3.9800,4.2500,-0.2700,False,5.2500,-1.2700,False,6.7500,-2.7700,False
2023-07-20,79.6200,75.6500,3.9700,4.2500,-0.2800,False,5.2500,-1.2800,False,6.7500,-2.7800,False
2023-07-21,81.0600,77.0600,4.0000,4.2500,-0.2500,False,5.2500,-1.2500,False,6.7500,-2.7500,False
2023-07-24,82.5300,78.8100,3.7200,4.2500,-0.5300,False,5.2500,-1.5300,False,6.7500,-3.0300,False
2023-07-25,83.4600,79.7600,3.7000,4.2500,-0.5500,False,5.2500,-1.5500,False,6.7500,-3.0500,False
2023-07-26,82.9800,79.1100,3.8700,4.2500,-0.3800,False,5.2500,-1.3800,False,6.7500,-2.8800,False
2023-07-27,84.2800,80.1700,4.1100,4.2500,-0.1400,False,5.2500,-1.1400,False,6.7500,-2.6400,False
2023-07-28,84.4900,80.5500,3.9400,4.2500,-0.3100,False,5.2500,-1.3100,False,6.7500,-2.8100,False
2023-07-31,85.2200,81.8000,3.4200,4.2500,-0.8300,False,5.2500,-1.8300,False,6.7500,-3.3300,False
2023-08-01,85.3400,81.3700,3.9700,4.2500,-0.2800,False,5.2500,-1.2800,False,6.7500,-2.7800,False
2023-08-02,84.0100,79.5000,4.5100,4.2500,0.2600,True,5.2500,-0.7400,False,6.7500,-2.2400,False
2023-08-03,86.1900,81.5600,4.6300,4.2500,0.3800,True,5.2500,-0.6200,False,6.7500,-2.1200,False
2023-08-04,87.3800,82.7600,4.6200,4.2500,0.3700,True,5.2500,-0.6300,False,6.7500,-2.1300,False
2023-08-07,86.4700,81.9400,4.5300,4.2500,0.2800,True,5.2500,-0.7200,False,6.7500,-2.2200,False
2023-08-08,88.0000,82.9400,5.0600,4.2500,0.8100,True,5.2500,-0.1900,False,6.7500,-1.6900,False
2023-08-09,89.3100,84.3500,4.9600,4.2500,0.7100,True,5.2500,-0.2900,False,6.7500,-1.7900,False
2023-08-10,87.4400,82.8100,4.6300,4.2500,0.3800,True,5.2500,-0.6200,False,6.7500,-2.1200,False
2023-08-11,87.9300,83.1700,4.7600,4.2500,0.5100,True,5.2500,-0.4900,False,6.7500,-1.9900,False
2023-08-14,87.4000,82.5000,4.9000,4.2500,0.6500,True,5.2500,-0.3500,False,6.7500,-1.8500,False
2023-08-15,86.2800,81.0600,5.2200,4.2500,0.9700,True,5.2500,-0.0300,False,6.7500,-1.5300,False
2023-08-16,84.4900,79.4000,5.0900,4.2500,0.8400,True,5.2500,-0.1600,False,6.7500,-1.6600,False
2023-08-17,85.2400,80.4300,4.8100,4.2500,0.5600,True,5.2500,-0.4400,False,6.7500,-1.9400,False
2023-08-18,85.9200,81.2500,4.6700,4.2500,0.4200,True,5.2500,-0.5800,False,6.7500,-2.0800,False
2023-08-21,85.4400,80.7100,4.7300,4.2500,0.4800,True,5.2500,-0.5200,False,6.7500,-2.0200,False
2023-08-22,84.7000,80.2500,4.4500,4.2500,0.2000,True,5.2500,-0.8000,False,6.7500,-2.3000,False
2023-08-23,83.9400,78.9100,5.0300,4.2500,0.7800,True,5.2500,-0.2200,False,6.7500,-1.7200,False
2023-08-24,84.0700,79.5200,4.5500,4.2500,0.3000,True,5.2500,-0.7000,False,6.7500,-2.2000,False
2023-08-25,85.4200,80.4700,4.9500,4.2500,0.7000,True,5.2500,-0.3000,False,6.7500,-1.8000,False
2023-08-29,86.3700,81.1400,5.2300,4.2500,0.9800,True,5.2500,-0.0200,False,6.7500,-1.5200,False
2023-08-30,86.6200,81.6400,4.9800,4.2500,0.7300,True,5.2500,-0.2700,False,6.7500,-1.7700,False
2023-08-31,87.2900,83.5500,3.7400,4.2500,-0.5100,False,5.2500,-1.5100,False,6.7500,-3.0100,False
2023-09-01,89.9800,85.5200,4.4600,4.2500,0.2100,True,5.2500,-0.7900,False,6.7500,-2.2900,False
2023-09-05,91.2500,86.7400,4.5100,4.2500,0.2600,True,5.2500,-0.7400,False,6.7500,-2.2400,False
2023-09-06,91.7900,87.5500,4.2400,4.2500,-0.0100,False,5.2500,-1.0100,False,6.7500,-2.5100,False
2023-09-07,91.1600,86.8700,4.2900,4.2500,0.0400,True,5.2500,-0.9600,False,6.7500,-2.4600,False
2023-09-08,91.8500,87.5100,4.3400,4.2500,0.0900,True,5.2500,-0.9100,False,6.7500,-2.4100,False
2023-09-11,91.9700,87.3000,4.6700,4.2500,0.4200,True,5.2500,-0.5800,False,6.7500,-2.0800,False
2023-09-12,93.5800,88.8700,4.7100,4.2500,0.4600,True,5.2500,-0.5400,False,6.7500,-2.0400,False
2023-09-13,93.0400,88.5900,4.4500,4.2500,0.2000,True,5.2500,-0.8000,False,6.7500,-2.3000,False
2023-09-14,95.2000,90.1300,5.0700,4.2500,0.8200,True,5.2500,-0.1800,False,6.7500,-1.6800,False
2023-09-15,95.5500,90.8300,4.7200,4.2500,0.4700,True,5.2500,-0.5300,False,6.7500,-2.0300,False
2023-09-18,95.9500,91.4700,4.4800,4.2500,0.2300,True,5.2500,-0.7700,False,6.7500,-2.2700,False
2023-09-19,96.1100,91.1600,4.9500,4.2500,0.7000,True,5.2500,-0.3000,False,6.7500,-1.8000,False
2023-09-20,94.5600,89.2000,5.3600,4.2500,1.1100,True,5.2500,0.1100,True,6.7500,-1.3900,False
2023-09-21,93.7000,89.5600,4.1400,4.2500,-0.1100,False,5.2500,-1.1100,False,6.7500,-2.6100,False
2023-09-22,93.9900,90.0000,3.9900,4.2500,-0.2600,False,5.2500,-1.2600,False,6.7500,-2.7600,False
2023-09-25,94.0100,89.6800,4.3300,4.2500,0.0800,True,5.2500,-0.9200,False,6.7500,-2.4200,False
2023-09-26,94.4600,91.4300,3.0300,4.2500,-1.2200,False,5.2500,-2.2200,False,6.7500,-3.7200,False
2023-09-27,97.1000,93.6700,3.4300,4.2500,-0.8200,False,5.2500,-1.8200,False,6.7500,-3.3200,False
2023-09-28,96.6400,91.6500,4.9900,4.2500,0.7400,True,5.2500,-0.2600,False,6.7500,-1.7600,False
2023-09-29,95.8600,90.7700,5.0900,4.2500,0.8400,True,5.2500,-0.1600,False,6.7500,-1.6600,False
2023-10-02,91.2100,88.8100,2.4000,4.2500,-1.8500,False,5.2500,-2.8500,False,6.7500,-4.3500,False
2023-10-03,94.4600,89.2600,5.2000,4.2500,0.9500,True,5.2500,-0.0500,False,6.7500,-1.5500,False
2023-10-04,89.8300,84.3200,5.5100,4.2500,1.2600,True,5.2500,0.2600,True,6.7500,-1.2400,False
2023-10-05,88.2800,82.3000,5.9800,4.2500,1.7300,True,5.2500,0.7300,True,6.7500,-0.7700,False
2023-10-06,87.8600,82.8300,5.0300,4.2500,0.7800,True,5.2500,-0.2200,False,6.7500,-1.7200,False
2023-10-10,90.7000,85.8900,4.8100,4.2500,0.5600,True,5.2500,-0.4400,False,6.7500,-1.9400,False
2023-10-11,87.5800,83.7000,3.8800,4.2500,-0.3700,False,5.2500,-1.3700,False,6.7500,-2.8700,False
2023-10-12,88.4000,82.8700,5.5300,4.2500,1.2800,True,5.2500,0.2800,True,6.7500,-1.2200,False
2023-10-13,94.3300,87.6700,6.6600,4.2500,2.4100,True,5.2500,1.4100,True,6.7500,-0.0900,False
2023-10-16,90.9900,86.6500,4.3400,4.2500,0.0900,True,5.2500,-0.9100,False,6.7500,-2.4100,False
2023-10-17,92.5200,86.6600,5.8600,4.2500,1.6100,True,5.2500,0.6100,True,6.7500,-0.8900,False
2023-10-18,91.9900,88.3500,3.6400,4.2500,-0.6100,False,5.2500,-1.6100,False,6.7500,-3.1100,False
2023-10-19,93.1200,89.3500,3.7700,4.2500,-0.4800,False,5.2500,-1.4800,False,6.7500,-2.9800,False
2023-10-20,93.7200,89.1200,4.6000,4.2500,0.3500,True,5.2500,-0.6500,False,6.7500,-2.1500,False
2023-10-23,91.8800,85.4900,6.3900,4.2500,2.1400,True,5.2500,1.1400,True,6.7500,-0.3600,False
2023-10-24,88.0000,84.5800,3.4200,4.2500,-0.8300,False,5.2500,-1.8300,False,6.7500,-3.3300,False
2023-10-25,90.1400,86.0700,4.0700,4.2500,-0.1800,False,5.2500,-1.1800,False,6.7500,-2.6800,False
2023-10-26,88.4500,83.8000,4.6500,4.2500,0.4000,True,5.2500,-0.6000,False,6.7500,-2.1000,False
2023-10-27,90.7300,86.0400,4.6900,4.2500,0.4400,True,5.2500,-0.5600,False,6.7500,-2.0600,False
2023-10-30,90.7300,83.0300,7.7000,4.2500,3.4500,True,5.2500,2.4500,True,6.7500,0.9500,True
2023-10-31,86.8200,81.6400,5.1800,4.2500,0.9300,True,5.2500,-0.0700,False,6.7500,-1.5700,False
2023-11-01,86.9200,81.0500,5.8700,4.2500,1.6200,True,5.2500,0.6200,True,6.7500,-0.8800,False
2023-11-02,89.0200,83.0400,5.9800,4.2500,1.7300,True,5.2500,0.7300,True,6.7500,-0.7700,False
2023-11-03,87.5500,81.1900,6.3600,4.2500,2.1100,True,5.2500,1.1100,True,6.7500,-0.3900,False
2023-11-06,87.3100,81.5400,5.7700,4.2500,1.5200,True,5.2500,0.5200,True,6.7500,-0.9800,False
2023-11-07,83.4300,77.9600,5.4700,4.2500,1.2200,True,5.2500,0.2200,True,6.7500,-1.2800,False
2023-11-08,81.4600,75.8500,5.6100,4.2500,1.3600,True,5.2500,0.3600,True,6.7500,-1.1400,False
2023-11-09,81.7400,76.3400,5.4000,4.2500,1.1500,True,5.2500,0.1500,True,6.7500,-1.3500,False
2023-11-13,84.0900,78.8600,5.2300,4.2500,0.9800,True,5.2500,-0.0200,False,6.7500,-1.5200,False
2023-11-14,84.2000,78.9000,5.3000,4.2500,1.0500,True,5.2500,0.0500,True,6.7500,-1.4500,False
2023-11-15,82.4000,77.1500,5.2500,4.2500,1.0000,True,5.2500,0.0000,False,6.7500,-1.5000,False
2023-11-16,77.7300,73.5000,4.2300,4.2500,-0.0200,False,5.2500,-1.0200,False,6.7500,-2.5200,False
2023-11-17,81.2200,76.4700,4.7500,4.2500,0.5000,True,5.2500,-0.5000,False,6.7500,-2.0000,False
2023-11-20,83.2500,78.1000,5.1500,4.2500,0.9000,True,5.2500,-0.1000,False,6.7500,-1.6000,False
2023-11-21,82.4200,78.3500,4.0700,4.2500,-0.1800,False,5.2500,-1.1800,False,6.7500,-2.6800,False
2023-11-22,81.7600,76.8000,4.9600,4.2500,0.7100,True,5.2500,-0.2900,False,6.7500,-1.7900,False
2023-11-24,79.8200,74.8300,4.9900,4.2500,0.7400,True,5.2500,-0.2600,False,6.7500,-1.7600,False
2023-11-27,79.4900,74.4600,5.0300,4.2500,0.7800,True,5.2500,-0.2200,False,6.7500,-1.7200,False
2023-11-28,81.6600,76.0900,5.5700,4.2500,1.3200,True,5.2500,0.3200,True,6.7500,-1.1800,False
2023-11-29,82.9800,77.5600,5.4200,4.2500,1.1700,True,5.2500,0.1700,True,6.7500,-1.3300,False
2023-11-30,81.7200,75.6600,6.0600,4.2500,1.8100,True,5.2500,0.8100,True,6.7500,-0.6900,False
2023-12-01,78.7200,73.7000,5.0200,4.2500,0.7700,True,5.2500,-0.2300,False,6.7500,-1.7300,False
2023-12-04,78.1600,72.7300,5.4300,4.2500,1.1800,True,5.2500,0.1800,True,6.7500,-1.3200,False
2023-12-05,77.2700,71.9500,5.3200,4.2500,1.0700,True,5.2500,0.0700,True,6.7500,-1.4300,False
2023-12-06,74.3300,68.9800,5.3500,4.2500,1.1000,True,5.2500,0.1000,True,6.7500,-1.4000,False
2023-12-07,74.2100,69.0000,5.2100,4.2500,0.9600,True,5.2500,-0.0400,False,6.7500,-1.5400,False
2023-12-08,75.9400,70.8700,5.0700,4.2500,0.8200,True,5.2500,-0.1800,False,6.7500,-1.6800,False
2023-12-11,75.7500,70.9500,4.8000,4.2500,0.5500,True,5.2500,-0.4500,False,6.7500,-1.9500,False
2023-12-12,74.1100,68.2700,5.8400,4.2500,1.5900,True,5.2500,0.5900,True,6.7500,-0.9100,False
2023-12-13,74.1400,69.0900,5.0500,4.2500,0.8000,True,5.2500,-0.2000,False,6.7500,-1.7000,False
2023-12-14,77.0500,71.2100,5.8400,4.2500,1.5900,True,5.2500,0.5900,True,6.7500,-0.9100,False
2023-12-15,76.8400,71.0500,5.7900,4.2500,1.5400,True,5.2500,0.5400,True,6.7500,-0.9600,False
2023-12-18,78.8900,72.1600,6.7300,4.2500,2.4800,True,5.2500,1.4800,True,6.7500,-0.0200,False
2023-12-19,79.8200,73.2300,6.5900,4.2500,2.3400,True,5.2500,1.3400,True,6.7500,-0.1600,False
2023-12-20,81.1000,73.8700,7.2300,4.2500,2.9800,True,5.2500,1.9800,True,6.7500,0.4800,True
2023-12-21,80.7300,73.5900,7.1400,4.2500,2.8900,True,5.2500,1.8900,True,6.7500,0.3900,True
2023-12-22,80.2300,73.2900,6.9400,4.2500,2.6900,True,5.2500,1.6900,True,6.7500,0.1900,True
2023-12-27,80.9700,74.3100,6.6600,4.2500,2.4100,True,5.2500,1.4100,True,6.7500,-0.0900,False
2023-12-28,79.0400,72.0200,7.0200,4.2500,2.7700,True,5.2500,1.7700,True,6.7500,0.2700,True
2023-12-29,77.6900,71.8900,5.8000,4.2500,1.5500,True,5.2500,0.5500,True,6.7500,-0.9500,False
2024-01-02,76.2400,70.6200,5.6200,4.2500,1.3700,True,5.2500,0.3700,True,6.7500,-1.1300,False
2024-01-03,77.1800,72.9700,4.2100,4.2500,-0.0400,False,5.2500,-1.0400,False,6.7500,-2.5400,False
2024-01-04,75.7900,72.3800,3.4100,4.2500,-0.8400,False,5.2500,-1.8400,False,6.7500,-3.3400,False
2024-01-05,78.3100,74.0000,4.3100,4.2500,0.0600,True,5.2500,-0.9400,False,6.7500,-2.4400,False
2024-01-08,75.4700,71.0600,4.4100,4.2500,0.1600,True,5.2500,-0.8400,False,6.7500,-2.3400,False
2024-01-09,77.9700,72.4300,5.5400,4.2500,1.2900,True,5.2500,0.2900,True,6.7500,-1.2100,False
2024-01-10,78.4600,71.5700,6.8900,4.2500,2.6400,True,5.2500,1.6400,True,6.7500,0.1400,True
2024-01-11,80.2100,72.1500,8.0600,4.2500,3.8100,True,5.2500,2.8100,True,6.7500,1.3100,True
2024-01-12,79.8900,72.9400,6.9500,4.2500,2.7000,True,5.2500,1.7000,True,6.7500,0.2000,True
2024-01-16,80.1500,72.6300,7.5200,4.2500,3.2700,True,5.2500,2.2700,True,6.7500,0.7700,True
2024-01-17,78.8800,72.7900,6.0900,4.2500,1.8400,True,5.2500,0.8400,True,6.7500,-0.6600,False
2024-01-18,81.0400,74.3200,6.7200,4.2500,2.4700,True,5.2500,1.4700,True,6.7500,-0.0300,False
2024-01-19,80.7100,73.6900,7.0200,4.2500,2.7700,True,5.2500,1.7700,True,6.7500,0.2700,True
2024-01-22,81.7000,75.2600,6.4400,4.2500,2.1900,True,5.2500,1.1900,True,6.7500,-0.3100,False
2024-01-23,82.0400,74.7200,7.3200,4.2500,3.0700,True,5.2500,2.0700,True,6.7500,0.5700,True
2024-01-24,82.1500,75.4800,6.6700,4.2500,2.4200,True,5.2500,1.4200,True,6.7500,-0.0800,False
2024-01-25,82.3300,77.9100,4.4200,4.2500,0.1700,True,5.2500,-0.8300,False,6.7500,-2.3300,False
2024-01-26,83.3400,78.4500,4.8900,4.2500,0.6400,True,5.2500,-0.3600,False,6.7500,-1.8600,False
2024-01-29,83.9900,77.2500,6.7400,4.2500,2.4900,True,5.2500,1.4900,True,6.7500,-0.0100,False
2024-01-30,84.1400,78.3000,5.8400,4.2500,1.5900,True,5.2500,0.5900,True,6.7500,-0.9100,False
2024-01-31,82.9800,76.2800,6.7000,4.2500,2.4500,True,5.2500,1.4500,True,6.7500,-0.0500,False
2024-02-01,82.2000,74.3600,7.8400,4.2500,3.5900,True,5.2500,2.5900,True,6.7500,1.0900,True
2024-02-02,79.5400,72.7200,6.8200,4.2500,2.5700,True,5.2500,1.5700,True,6.7500,0.0700,True
2024-02-05,79.3000,73.2100,6.0900,4.2500,1.8400,True,5.2500,0.8400,True,6.7500,-0.6600,False
2024-02-07,81.1800,74.2600,6.9200,4.2500,2.6700,True,5.2500,1.6700,True,6.7500,0.1700,True
2024-02-08,83.0100,76.6700,6.3400,4.2500,2.0900,True,5.2500,1.0900,True,6.7500,-0.4100,False
2024-02-09,83.5800,77.2600,6.3200,4.2500,2.0700,True,5.2500,1.0700,True,6.7500,-0.4300,False
2024-02-12,83.8800,77.3400,6.5400,4.2500,2.2900,True,5.2500,1.2900,True,6.7500,-0.2100,False
2024-02-13,84.7200,78.2800,6.4400,4.2500,2.1900,True,5.2500,1.1900,True,6.7500,-0.3100,False
2024-02-14,84.4100,77.0900,7.3200,4.2500,3.0700,True,5.2500,2.0700,True,6.7500,0.5700,True
2024-02-15,84.3300,78.4700,5.8600,4.2500,1.6100,True,5.2500,0.6100,True,6.7500,-0.8900,False
2024-02-16,84.8800,79.6500,5.2300,4.2500,0.9800,True,5.2500,-0.0200,False,6.7500,-1.5200,False
2024-02-20,84.7800,78.7200,6.0600,4.2500,1.8100,True,5.2500,0.8100,True,6.7500,-0.6900,False
2024-02-21,84.7700,78.8900,5.8800,4.2500,1.6300,True,5.2500,0.6300,True,6.7500,-0.8700,False
2024-02-22,85.8400,79.6400,6.2000,4.2500,1.9500,True,5.2500,0.9500,True,6.7500,-0.5500,False
2024-02-23,84.1800,77.6000,6.5800,4.2500,2.3300,True,5.2500,1.3300,True,6.7500,-0.1700,False
2024-02-26,84.0100,78.5300,5.4800,4.2500,1.2300,True,5.2500,0.2300,True,6.7500,-1.2700,False
2024-02-27,83.8000,79.8000,4.0000,4.2500,-0.2500,False,5.2500,-1.2500,False,6.7500,-2.7500,False
2024-02-28,84.0800,79.4400,4.6400,4.2500,0.3900,True,5.2500,-0.6100,False,6.7500,-2.1100,False
2024-02-29,84.5700,79.2200,5.3500,4.2500,1.1000,True,5.2500,0.1000,True,6.7500,-1.4000,False
2024-03-01,84.8200,80.9000,3.9200,4.2500,-0.3300,False,5.2500,-1.3300,False,6.7500,-2.8300,False
2024-03-04,86.5800,79.6700,6.9100,4.2500,2.6600,True,5.2500,1.6600,True,6.7500,0.1600,True
2024-03-05,85.8200,79.1100,6.7100,4.2500,2.4600,True,5.2500,1.4600,True,6.7500,-0.0400,False
2024-03-06,86.5900,80.0800,6.5100,4.2500,2.2600,True,5.2500,1.2600,True,6.7500,-0.2400,False
2024-03-07,84.8800,79.8100,5.0700,4.2500,0.8200,True,5.2500,-0.1800,False,6.7500,-1.6800,False
2024-03-08,84.2900,78.9600,5.3300,4.2500,1.0800,True,5.2500,0.0800,True,6.7500,-1.4200,False
2024-03-11,83.4400,78.8700,4.5700,4.2500,0.3200,True,5.2500,-0.6800,False,6.7500,-2.1800,False
2024-03-12,83.6600,78.5100,5.1500,4.2500,0.9000,True,5.2500,-0.1000,False,6.7500,-1.6000,False
2024-03-13,83.9500,80.6700,3.2800,4.2500,-0.9700,False,5.2500,-1.9700,False,6.7500,-3.4700,False
2024-03-14,86.1600,82.1600,4.0000,4.2500,-0.2500,False,5.2500,-1.2500,False,6.7500,-2.7500,False
2024-03-15,85.3900,81.9400,3.4500,4.2500,-0.8000,False,5.2500,-1.8000,False,6.7500,-3.3000,False
2024-03-18,86.4700,83.6800,2.7900,4.2500,-1.4600,False,5.2500,-2.4600,False,6.7500,-3.9600,False
2024-03-19,87.3600,84.3900,2.9700,4.2500,-1.2800,False,5.2500,-2.2800,False,6.7500,-3.7800,False
2024-03-20,85.7700,82.7900,2.9800,4.2500,-1.2700,False,5.2500,-2.2700,False,6.7500,-3.7700,False
2024-03-21,84.9200,81.9900,2.9300,4.2500,-1.3200,False,5.2500,-2.3200,False,6.7500,-3.8200,False
2024-03-22,84.8700,81.1000,3.7700,4.2500,-0.4800,False,5.2500,-1.4800,False,6.7500,-2.9800,False
2024-03-25,86.1800,82.4100,3.7700,4.2500,-0.4800,False,5.2500,-1.4800,False,6.7500,-2.9800,False
2024-03-26,85.9100,82.4100,3.5000,4.2500,-0.7500,False,5.2500,-1.7500,False,6.7500,-3.2500,False
2024-03-27,84.9400,82.1500,2.7900,4.2500,-1.4600,False,5.2500,-2.4600,False,6.7500,-3.9600,False
2024-03-28,86.1700,83.9600,2.2100,4.2500,-2.0400,False,5.2500,-3.0400,False,6.7500,-4.5400,False
2024-04-02,87.6300,85.9500,1.6800,4.2500,-2.5700,False,5.2500,-3.5700,False,6.7500,-5.0700,False
2024-04-03,90.6000,86.2200,4.3800,4.2500,0.1300,True,5.2500,-0.8700,False,6.7500,-2.3700,False
2024-04-04,90.3200,87.3700,2.9500,4.2500,-1.3000,False,5.2500,-2.3000,False,6.7500,-3.8000,False
2024-04-05,92.8100,87.6900,5.1200,4.2500,0.8700,True,5.2500,-0.1300,False,6.7500,-1.6300,False
2024-04-08,91.7300,87.2400,4.4900,4.2500,0.2400,True,5.2500,-0.7600,False,6.7500,-2.2600,False
2024-04-09,92.1300,86.0400,6.0900,4.2500,1.8400,True,5.2500,0.8400,True,6.7500,-0.6600,False
2024-04-10,91.5700,86.9800,4.5900,4.2500,0.3400,True,5.2500,-0.6600,False,6.7500,-2.1600,False
2024-04-11,91.4900,85.7900,5.7000,4.2500,1.4500,True,5.2500,0.4500,True,6.7500,-1.0500,False
2024-04-12,93.1200,86.4600,6.6600,4.2500,2.4100,True,5.2500,1.4100,True,6.7500,-0.0900,False
2024-04-15,90.8400,86.2100,4.6300,4.2500,0.3800,True,5.2500,-0.6200,False,6.7500,-2.1200,False
2024-04-17,89.5400,83.5800,5.9600,4.2500,1.7100,True,5.2500,0.7100,True,6.7500,-0.7900,False
2024-04-18,88.3400,83.5000,4.8400,4.2500,0.5900,True,5.2500,-0.4100,False,6.7500,-1.9100,False
2024-04-19,87.9600,83.7900,4.1700,4.2500,-0.0800,False,5.2500,-1.0800,False,6.7500,-2.5800,False
2024-04-22,87.3000,83.8200,3.4800,4.2500,-0.7700,False,5.2500,-1.7700,False,6.7500,-3.2700,False
2024-04-23,88.2900,84.1700,4.1200,4.2500,-0.1300,False,5.2500,-1.1300,False,6.7500,-2.6300,False
2024-04-24,89.0200,84.0900,4.9300,4.2500,0.6800,True,5.2500,-0.3200,False,6.7500,-1.8200,False
2024-04-25,88.1000,84.9200,3.1800,4.2500,-1.0700,False,5.2500,-2.0700,False,6.7500,-3.5700,False
2024-04-26,89.9500,85.3800,4.5700,4.2500,0.3200,True,5.2500,-0.6800,False,6.7500,-2.1800,False
2024-04-29,88.4400,84.2600,4.1800,4.2500,-0.0700,False,5.2500,-1.0700,False,6.7500,-2.5700,False
2024-04-30,88.2300,83.4900,4.7400,4.2500,0.4900,True,5.2500,-0.5100,False,6.7500,-2.0100,False
2024-05-01,83.5500,80.7000,2.8500,4.2500,-1.4000,False,5.2500,-2.4000,False,6.7500,-3.9000,False
2024-05-02,84.8100,80.5900,4.2200,4.2500,-0.0300,False,5.2500,-1.0300,False,6.7500,-2.5300,False
2024-05-03,83.6000,79.6500,3.9500,4.2500,-0.3000,False,5.2500,-1.3000,False,6.7500,-2.8000,False
2024-05-07,82.6900,79.9700,2.7200,4.2500,-1.5300,False,5.2500,-2.5300,False,6.7500,-4.0300,False
2024-05-08,82.4400,80.5700,1.8700,4.2500,-2.3800,False,5.2500,-3.3800,False,6.7500,-4.8800,False
2024-05-09,83.2700,80.8600,2.4100,4.2500,-1.8400,False,5.2500,-2.8400,False,6.7500,-4.3400,False
2024-05-10,83.3900,79.8100,3.5800,4.2500,-0.6700,False,5.2500,-1.6700,False,6.7500,-3.1700,False
2024-05-13,83.1800,80.7100,2.4700,4.2500,-1.7800,False,5.2500,-2.7800,False,6.7500,-4.2800,False
2024-05-14,81.0000,79.6200,1.3800,4.2500,-2.8700,False,5.2500,-3.8700,False,6.7500,-5.3700,False
2024-05-15,79.9800,80.2300,-0.2500,4.2500,-4.5000,False,5.2500,-5.5000,False,6.7500,-7.0000,False
2024-05-16,81.6500,80.8500,0.8000,4.2500,-3.4500,False,5.2500,-4.4500,False,6.7500,-5.9500,False
2024-05-17,82.2400,81.6600,0.5800,4.2500,-3.6700,False,5.2500,-4.6700,False,6.7500,-6.1700,False
2024-05-20,81.9100,81.3900,0.5200,4.2500,-3.7300,False,5.2500,-4.7300,False,6.7500,-6.2300,False
2024-05-21,81.2200,80.6600,0.5600,4.2500,-3.6900,False,5.2500,-4.6900,False,6.7500,-6.1900,False
2024-05-22,79.9000,79.1500,0.7500,4.2500,-3.5000,False,5.2500,-4.5000,False,6.7500,-6.0000,False
2024-05-23,79.2500,77.4700,1.7800,4.2500,-2.4700,False,5.2500,-3.4700,False,6.7500,-4.9700,False
2024-05-24,78.9200,78.4800,0.4400,4.2500,-3.8100,False,5.2500,-4.8100,False,6.7500,-6.3100,False
2024-05-28,81.3400,80.9000,0.4400,4.2500,-3.8100,False,5.2500,-4.8100,False,6.7500,-6.3100,False
2024-05-29,81.5000,80.2400,1.2600,4.2500,-2.9900,False,5.2500,-3.9900,False,6.7500,-5.4900,False
2024-05-30,81.4200,78.9600,2.4600,4.2500,-1.7900,False,5.2500,-2.7900,False,6.7500,-4.2900,False
2024-05-31,79.4100,77.9700,1.4400,4.2500,-2.8100,False,5.2500,-3.8100,False,6.7500,-5.3100,False
2024-06-03,76.4500,75.2600,1.1900,4.2500,-3.0600,False,5.2500,-4.0600,False,6.7500,-5.5600,False
2024-06-04,75.3300,74.2700,1.0600,4.2500,-3.1900,False,5.2500,-4.1900,False,6.7500,-5.6900,False
2024-06-05,75.4100,75.0800,0.3300,4.2500,-3.9200,False,5.2500,-4.9200,False,6.7500,-6.4200,False
2024-06-06,77.6200,76.5200,1.1000,4.2500,-3.1500,False,5.2500,-4.1500,False,6.7500,-5.6500,False
2024-06-07,78.1200,76.5300,1.5900,4.2500,-2.6600,False,5.2500,-3.6600,False,6.7500,-5.1600,False
2024-06-10,79.5900,78.7500,0.8400,4.2500,-3.4100,False,5.2500,-4.4100,False,6.7500,-5.9100,False
2024-06-11,80.1500,78.8800,1.2700,4.2500,-2.9800,False,5.2500,-3.9800,False,6.7500,-5.4800,False
2024-06-12,80.5200,79.5600,0.9600,4.2500,-3.2900,False,5.2500,-4.2900,False,6.7500,-5.7900,False
2024-06-13,81.4400,79.6100,1.8300,4.2500,-2.4200,False,5.2500,-3.4200,False,6.7500,-4.9200,False
2024-06-14,81.4900,79.4100,2.0800,4.2500,-2.1700,False,5.2500,-3.1700,False,6.7500,-4.6700,False
2024-06-17,82.4500,81.3300,1.1200,4.2500,-3.1300,False,5.2500,-4.1300,False,6.7500,-5.6300,False
2024-06-18,84.7900,82.6700,2.1200,4.2500,-2.1300,False,5.2500,-3.1300,False,6.7500,-4.6300,False
2024-06-20,85.9200,83.3400,2.5800,4.2500,-1.6700,False,5.2500,-2.6700,False,6.7500,-4.1700,False
2024-06-21,86.4200,81.7100,4.7100,4.2500,0.4600,True,5.2500,-0.5400,False,6.7500,-2.0400,False
2024-06-24,86.7500,82.6300,4.1200,4.2500,-0.1300,False,5.2500,-1.1300,False,6.7500,-2.6300,False
2024-06-25,86.8100,81.9700,4.8400,4.2500,0.5900,True,5.2500,-0.4100,False,6.7500,-1.9100,False
2024-06-26,85.7600,82.1900,3.5700,4.2500,-0.6800,False,5.2500,-1.6800,False,6.7500,-3.1800,False
2024-06-27,87.0000,83.0400,3.9600,4.2500,-0.2900,False,5.2500,-1.2900,False,6.7500,-2.7900,False
2024-06-28,87.2600,82.8300,4.4300,4.2500,0.1800,True,5.2500,-0.8200,False,6.7500,-2.3200,False
2024-07-01,86.5700,84.7000,1.8700,4.2500,-2.3800,False,5.2500,-3.3800,False,6.7500,-4.8800,False
2024-07-02,88.2800,84.0900,4.1900,4.2500,-0.0600,False,5.2500,-1.0600,False,6.7500,-2.5600,False
2024-07-03,88.2500,85.1900,3.0600,4.2500,-1.1900,False,5.2500,-2.1900,False,6.7500,-3.6900,False
2024-07-05,88.6600,84.4400,4.2200,4.2500,-0.0300,False,5.2500,-1.0300,False,6.7500,-2.5300,False
2024-07-08,87.1500,83.6300,3.5200,4.2500,-0.7300,False,5.2500,-1.7300,False,6.7500,-3.2300,False
2024-07-09,86.4800,82.7800,3.7000,4.2500,-0.5500,False,5.2500,-1.5500,False,6.7500,-3.0500,False
2024-07-10,86.5500,83.3900,3.1600,4.2500,-1.0900,False,5.2500,-2.0900,False,6.7500,-3.5900,False
2024-07-11,86.4900,83.9200,2.5700,4.2500,-1.6800,False,5.2500,-2.6800,False,6.7500,-4.1800,False
2024-07-12,87.3500,83.4900,3.8600,4.2500,-0.3900,False,5.2500,-1.3900,False,6.7500,-2.8900,False
2024-07-15,86.4200,83.2200,3.2000,4.2500,-1.0500,False,5.2500,-2.0500,False,6.7500,-3.5500,False
2024-07-16,86.6000,81.9200,4.6800,4.2500,0.4300,True,5.2500,-0.5700,False,6.7500,-2.0700,False
2024-07-17,85.7600,84.1600,1.6000,4.2500,-2.6500,False,5.2500,-3.6500,False,6.7500,-5.1500,False
2024-07-18,86.2600,84.1700,2.0900,4.2500,-2.1600,False,5.2500,-3.1600,False,6.7500,-4.6600,False
2024-07-19,85.1900,81.4300,3.7600,4.2500,-0.4900,False,5.2500,-1.4900,False,6.7500,-2.9900,False
2024-07-22,83.4400,81.2500,2.1900,4.2500,-2.0600,False,5.2500,-3.0600,False,6.7500,-4.5600,False
2024-07-23,82.2000,78.2400,3.9600,4.2500,-0.2900,False,5.2500,-1.2900,False,6.7500,-2.7900,False
2024-07-24,83.0100,78.7800,4.2300,4.2500,-0.0200,False,5.2500,-1.0200,False,6.7500,-2.5200,False
2024-07-25,82.5800,79.4300,3.1500,4.2500,-1.1000,False,5.2500,-2.1000,False,6.7500,-3.6000,False
2024-07-26,81.3500,78.5800,2.7700,4.2500,-1.4800,False,5.2500,-2.4800,False,6.7500,-3.9800,False
2024-07-29,80.9400,77.2700,3.6700,4.2500,-0.5800,False,5.2500,-1.5800,False,6.7500,-3.0800,False
2024-07-30,79.2600,76.1700,3.0900,4.2500,-1.1600,False,5.2500,-2.1600,False,6.7500,-3.6600,False
2024-07-31,81.3900,79.3600,2.0300,4.2500,-2.2200,False,5.2500,-3.2200,False,6.7500,-4.7200,False
2024-08-01,81.3700,77.7400,3.6300,4.2500,-0.6200,False,5.2500,-1.6200,False,6.7500,-3.1200,False
2024-08-02,78.3500,74.9900,3.3600,4.2500,-0.8900,False,5.2500,-1.8900,False,6.7500,-3.3900,False
2024-08-05,77.5100,74.4600,3.0500,4.2500,-1.2000,False,5.2500,-2.2000,False,6.7500,-3.7000,False
2024-08-06,76.6200,74.6000,2.0200,4.2500,-2.2300,False,5.2500,-3.2300,False,6.7500,-4.7300,False
2024-08-07,78.2600,76.6800,1.5800,4.2500,-2.6700,False,5.2500,-3.6700,False,6.7500,-5.1700,False
2024-08-08,80.7600,77.6400,3.1200,4.2500,-1.1300,False,5.2500,-2.1300,False,6.7500,-3.6300,False
2024-08-09,81.0700,78.2800,2.7900,4.2500,-1.4600,False,5.2500,-2.4600,False,6.7500,-3.9600,False
2024-08-12,83.0600,81.4500,1.6100,4.2500,-2.6400,False,5.2500,-3.6400,False,6.7500,-5.1400,False
2024-08-13,82.5100,79.8100,2.7000,4.2500,-1.5500,False,5.2500,-2.5500,False,6.7500,-4.0500,False
2024-08-14,82.1500,78.4700,3.6800,4.2500,-0.5700,False,5.2500,-1.5700,False,6.7500,-3.0700,False
2024-08-15,83.0900,79.6600,3.4300,4.2500,-0.8200,False,5.2500,-1.8200,False,6.7500,-3.3200,False
2024-08-16,81.5600,78.0500,3.5100,4.2500,-0.7400,False,5.2500,-1.7400,False,6.7500,-3.2400,False
2024-08-19,81.0900,75.8200,5.2700,4.2500,1.0200,True,5.2500,0.0200,True,6.7500,-1.4800,False
2024-08-20,78.8500,75.2700,3.5800,4.2500,-0.6700,False,5.2500,-1.6700,False,6.7500,-3.1700,False
2024-08-21,78.7700,72.7600,6.0100,4.2500,1.7600,True,5.2500,0.7600,True,6.7500,-0.7400,False
2024-08-22,78.8000,73.7200,5.0800,4.2500,0.8300,True,5.2500,-0.1700,False,6.7500,-1.6700,False
2024-08-23,80.3400,75.8200,4.5200,4.2500,0.2700,True,5.2500,-0.7300,False,6.7500,-2.2300,False
2024-08-27,81.5100,76.5000,5.0100,4.2500,0.7600,True,5.2500,-0.2400,False,6.7500,-1.7400,False
2024-08-28,80.0400,75.4900,4.5500,4.2500,0.3000,True,5.2500,-0.7000,False,6.7500,-2.2000,False
2024-08-29,81.5500,76.9000,4.6500,4.2500,0.4000,True,5.2500,-0.6000,False,6.7500,-2.1000,False
2024-08-30,80.2000,74.5200,5.6800,4.2500,1.4300,True,5.2500,0.4300,True,6.7500,-1.0700,False
2024-09-03,76.4600,71.2800,5.1800,4.2500,0.9300,True,5.2500,-0.0700,False,6.7500,-1.5700,False
2024-09-04,74.6700,70.1100,4.5600,4.2500,0.3100,True,5.2500,-0.6900,False,6.7500,-2.1900,False
2024-09-05,74.4700,70.0900,4.3800,4.2500,0.1300,True,5.2500,-0.8700,False,6.7500,-2.3700,False
2024-09-06,72.8200,68.5800,4.2400,4.2500,-0.0100,False,5.2500,-1.0100,False,6.7500,-2.5100,False
2024-09-09,72.3700,69.6500,2.7200,4.2500,-1.5300,False,5.2500,-2.5300,False,6.7500,-4.0300,False
2024-09-10,70.3400,66.7300,3.6100,4.2500,-0.6400,False,5.2500,-1.6400,False,6.7500,-3.1400,False
2024-09-11,70.3100,68.2500,2.0600,4.2500,-2.1900,False,5.2500,-3.1900,False,6.7500,-4.6900,False
2024-09-12,73.8100,69.8900,3.9200,4.2500,-0.3300,False,5.2500,-1.3300,False,6.7500,-2.8300,False
2024-09-13,73.6800,69.5900,4.0900,4.2500,-0.1600,False,5.2500,-1.1600,False,6.7500,-2.6600,False
2024-09-16,73.9600,71.1000,2.8600,4.2500,-1.3900,False,5.2500,-2.3900,False,6.7500,-3.8900,False
2024-09-17,74.5500,72.1600,2.3900,4.2500,-1.8600,False,5.2500,-2.8600,False,6.7500,-4.3600,False
2024-09-18,74.5200,71.8700,2.6500,4.2500,-1.6000,False,5.2500,-2.6000,False,6.7500,-4.1000,False
2024-09-19,75.9300,72.8600,3.0700,4.2500,-1.1800,False,5.2500,-2.1800,False,6.7500,-3.6800,False
2024-09-20,75.9600,72.7200,3.2400,4.2500,-1.0100,False,5.2500,-2.0100,False,6.7500,-3.5100,False
2024-09-23,74.9500,71.3300,3.6200,4.2500,-0.6300,False,5.2500,-1.6300,False,6.7500,-3.1300,False
2024-09-24,75.2900,72.3400,2.9500,4.2500,-1.3000,False,5.2500,-2.3000,False,6.7500,-3.8000,False
2024-09-25,75.4000,70.4200,4.9800,4.2500,0.7300,True,5.2500,-0.2700,False,6.7500,-1.7700,False
2024-09-26,73.0600,68.2800,4.7800,4.2500,0.5300,True,5.2500,-0.4700,False,6.7500,-1.9700,False
2024-09-27,71.6300,68.7200,2.9100,4.2500,-1.3400,False,5.2500,-2.3400,False,6.7500,-3.8400,False
2024-09-30,72.3500,68.7500,3.6000,4.2500,-0.6500,False,5.2500,-1.6500,False,6.7500,-3.1500,False
2024-10-01,75.3000,70.4100,4.8900,4.2500,0.6400,True,5.2500,-0.3600,False,6.7500,-1.8600,False
2024-10-02,74.8600,70.7400,4.1200,4.2500,-0.1300,False,5.2500,-1.1300,False,6.7500,-2.6300,False
2024-10-03,77.5700,74.3300,3.2400,4.2500,-1.0100,False,5.2500,-2.0100,False,6.7500,-3.5100,False
2024-10-04,79.3200,74.9300,4.3900,4.2500,0.1400,True,5.2500,-0.8600,False,6.7500,-2.3600,False
2024-10-07,81.7400,77.7600,3.9800,4.2500,-0.2700,False,5.2500,-1.2700,False,6.7500,-2.7700,False
2024-10-08,78.1900,74.2600,3.9300,4.2500,-0.3200,False,5.2500,-1.3200,False,6.7500,-2.8200,False
2024-10-09,77.0600,73.8500,3.2100,4.2500,-1.0400,False,5.2500,-2.0400,False,6.7500,-3.5400,False
2024-10-10,79.4500,76.4600,2.9900,4.2500,-1.2600,False,5.2500,-2.2600,False,6.7500,-3.7600,False
2024-10-11,80.2700,76.1100,4.1600,4.2500,-0.0900,False,5.2500,-1.0900,False,6.7500,-2.5900,False
2024-10-14,78.4700,76.1100,2.3600,4.2500,-1.8900,False,5.2500,-2.8900,False,6.7500,-4.3900,False
2024-10-15,73.6800,71.2200,2.4600,4.2500,-1.7900,False,5.2500,-2.7900,False,6.7500,-4.2900,False
2024-10-16,73.6500,70.9700,2.6800,4.2500,-1.5700,False,5.2500,-2.5700,False,6.7500,-4.0700,False
2024-10-17,74.3700,71.2600,3.1100,4.2500,-1.1400,False,5.2500,-2.1400,False,6.7500,-3.6400,False
2024-10-18,72.7500,69.7800,2.9700,4.2500,-1.2800,False,5.2500,-2.2800,False,6.7500,-3.7800,False
2024-10-21,73.2900,71.1600,2.1300,4.2500,-2.1200,False,5.2500,-3.1200,False,6.7500,-4.6200,False
2024-10-22,75.5900,72.8400,2.7500,4.2500,-1.5000,False,5.2500,-2.5000,False,6.7500,-4.0000,False
2024-10-23,74.6800,71.3700,3.3100,4.2500,-0.9400,False,5.2500,-1.9400,False,6.7500,-3.4400,False
2024-10-24,74.2700,70.5800,3.6900,4.2500,-0.5600,False,5.2500,-1.5600,False,6.7500,-3.0600,False
2024-10-25,75.6200,72.0200,3.6000,4.2500,-0.6500,False,5.2500,-1.6500,False,6.7500,-3.1500,False
2024-10-28,71.8700,67.6500,4.2200,4.2500,-0.0300,False,5.2500,-1.0300,False,6.7500,-2.5300,False
2024-10-29,71.0900,67.4800,3.6100,4.2500,-0.6400,False,5.2500,-1.6400,False,6.7500,-3.1400,False
2024-10-30,73.2100,68.9100,4.3000,4.2500,0.0500,True,5.2500,-0.9500,False,6.7500,-2.4500,False
2024-10-31,73.2500,69.5800,3.6700,4.2500,-0.5800,False,5.2500,-1.5800,False,6.7500,-3.0800,False
2024-11-01,73.6300,69.8100,3.8200,4.2500,-0.4300,False,5.2500,-1.4300,False,6.7500,-2.9300,False
2024-11-04,74.8900,71.8300,3.0600,4.2500,-1.1900,False,5.2500,-2.1900,False,6.7500,-3.6900,False
2024-11-05,76.9800,72.2600,4.7200,4.2500,0.4700,True,5.2500,-0.5300,False,6.7500,-2.0300,False
2024-11-06,76.5200,71.9800,4.5400,4.2500,0.2900,True,5.2500,-0.7100,False,6.7500,-2.2100,False
2024-11-07,75.7300,72.6900,3.0400,4.2500,-1.2100,False,5.2500,-2.2100,False,6.7500,-3.7100,False
2024-11-08,74.0400,70.6900,3.3500,4.2500,-0.9000,False,5.2500,-1.9000,False,6.7500,-3.4000,False
2024-11-11,72.1900,70.6900,1.5000,4.2500,-2.7500,False,5.2500,-3.7500,False,6.7500,-5.2500,False
2024-11-12,72.5600,68.4300,4.1300,4.2500,-0.1200,False,5.2500,-1.1200,False,6.7500,-2.6200,False
2024-11-13,72.8600,68.7600,4.1000,4.2500,-0.1500,False,5.2500,-1.1500,False,6.7500,-2.6500,False
2024-11-14,73.3900,68.9900,4.4000,4.2500,0.1500,True,5.2500,-0.8500,False,6.7500,-2.3500,False
2024-11-15,73.4500,67.3300,6.1200,4.2500,1.8700,True,5.2500,0.8700,True,6.7500,-0.6300,False
2024-11-18,74.3500,69.4600,4.8900,4.2500,0.6400,True,5.2500,-0.3600,False,6.7500,-1.8600,False
2024-11-19,74.3200,69.7500,4.5700,4.2500,0.3200,True,5.2500,-0.6800,False,6.7500,-2.1800,False
2024-11-20,74.3300,69.2500,5.0800,4.2500,0.8300,True,5.2500,-0.1700,False,6.7500,-1.6700,False
2024-11-21,75.0900,70.3900,4.7000,4.2500,0.4500,True,5.2500,-0.5500,False,6.7500,-2.0500,False
2024-11-22,76.1000,71.6800,4.4200,4.2500,0.1700,True,5.2500,-0.8300,False,6.7500,-2.3300,False
2024-11-25,74.2700,69.4100,4.8600,4.2500,0.6100,True,5.2500,-0.3900,False,6.7500,-1.8900,False
2024-11-26,74.5600,69.0500,5.5100,4.2500,1.2600,True,5.2500,0.2600,True,6.7500,-1.2400,False
2024-11-27,73.9100,69.0300,4.8800,4.2500,0.6300,True,5.2500,-0.3700,False,6.7500,-1.8700,False
2024-11-29,74.1600,68.2600,5.9000,4.2500,1.6500,True,5.2500,0.6500,True,6.7500,-0.8500,False
2024-12-02,72.8100,68.3500,4.4600,4.2500,0.2100,True,5.2500,-0.7900,False,6.7500,-2.2900,False
2024-12-03,74.8000,70.1500,4.6500,4.2500,0.4000,True,5.2500,-0.6000,False,6.7500,-2.1000,False
2024-12-04,74.6800,68.8100,5.8700,4.2500,1.6200,True,5.2500,0.6200,True,6.7500,-0.8800,False
2024-12-05,73.7800,68.5800,5.2000,4.2500,0.9500,True,5.2500,-0.0500,False,6.7500,-1.5500,False
2024-12-06,73.7800,68.5800,5.2000,4.2500,0.9500,True,5.2500,-0.0500,False,6.7500,-1.5500,False
2024-12-09,73.7300,68.6500,5.0800,4.2500,0.8300,True,5.2500,-0.1700,False,6.7500,-1.6700,False
2024-12-10,73.6400,68.8500,4.7900,4.2500,0.5400,True,5.2500,-0.4600,False,6.7500,-1.9600,False
2024-12-11,74.3800,70.5700,3.8100,4.2500,-0.4400,False,5.2500,-1.4400,False,6.7500,-2.9400,False
2024-12-12,73.5200,70.2500,3.2700,4.2500,-0.9800,False,5.2500,-1.9800,False,6.7500,-3.4800,False
2024-12-13,74.8900,71.5400,3.3500,4.2500,-0.9000,False,5.2500,-1.9000,False,6.7500,-3.4000,False
2024-12-16,74.3000,71.0300,3.2700,4.2500,-0.9800,False,5.2500,-1.9800,False,6.7500,-3.4800,False
2024-12-17,73.1600,70.3100,2.8500,4.2500,-1.4000,False,5.2500,-2.4000,False,6.7500,-3.9000,False
2024-12-18,74.5700,70.8000,3.7700,4.2500,-0.4800,False,5.2500,-1.4800,False,6.7500,-2.9800,False
2024-12-19,73.7500,70.1000,3.6500,4.2500,-0.6000,False,5.2500,-1.6000,False,6.7500,-3.1000,False
2024-12-20,73.1900,69.7100,3.4800,4.2500,-0.7700,False,5.2500,-1.7700,False,6.7500,-3.2700,False
2024-12-23,72.1200,69.5000,2.6200,4.2500,-1.6300,False,5.2500,-2.6300,False,6.7500,-4.1300,False
2024-12-24,73.5000,70.8700,2.6300,4.2500,-1.6200,False,5.2500,-2.6200,False,6.7500,-4.1200,False
2024-12-27,73.7700,71.2800,2.4900,4.2500,-1.7600,False,5.2500,-2.7600,False,6.7500,-4.2600,False
2024-12-30,74.2400,71.7300,2.5100,4.2500,-1.7400,False,5.2500,-2.7400,False,6.7500,-4.2400,False
2024-12-31,74.5800,72.4400,2.1400,4.2500,-2.1100,False,5.2500,-3.1100,False,6.7500,-4.6100,False
2025-01-02,76.1400,73.7900,2.3500,4.2500,-1.9000,False,5.2500,-2.9000,False,6.7500,-4.4000,False
2025-01-03,76.7200,74.6400,2.0800,4.2500,-2.1700,False,5.2500,-3.1700,False,6.7500,-4.6700,False
2025-01-06,77.2700,74.3100,2.9600,4.2500,-1.2900,False,5.2500,-2.2900,False,6.7500,-3.7900,False
2025-01-07,77.8400,74.9900,2.8500,4.2500,-1.4000,False,5.2500,-2.4000,False,6.7500,-3.9000,False
2025-01-08,77.3700,73.9900,3.3800,4.2500,-0.8700,False,5.2500,-1.8700,False,6.7500,-3.3700,False
2025-01-10,79.7600,77.2700,2.4900,4.2500,-1.7600,False,5.2500,-2.7600,False,6.7500,-4.2600,False
2025-01-13,82.6900,79.5700,3.1200,4.2500,-1.1300,False,5.2500,-2.1300,False,6.7500,-3.6300,False
2025-01-14,82.3900,78.2000,4.1900,4.2500,-0.0600,False,5.2500,-1.0600,False,6.7500,-2.5600,False
2025-01-15,83.4800,80.7300,2.7500,4.2500,-1.5000,False,5.2500,-2.5000,False,6.7500,-4.0000,False
2025-01-16,82.3900,79.3500,3.0400,4.2500,-1.2100,False,5.2500,-2.2100,False,6.7500,-3.7100,False
2025-01-17,83.0200,78.5600,4.4600,4.2500,0.2100,True,5.2500,-0.7900,False,6.7500,-2.2900,False
2025-01-21,80.5700,76.7900,3.7800,4.2500,-0.4700,False,5.2500,-1.4700,False,6.7500,-2.9700,False
2025-01-22,80.0000,76.1200,3.8800,4.2500,-0.3700,False,5.2500,-1.3700,False,6.7500,-2.8700,False
2025-01-23,78.6200,75.0300,3.5900,4.2500,-0.6600,False,5.2500,-1.6600,False,6.7500,-3.1600,False
2025-01-24,78.7100,74.9700,3.7400,4.2500,-0.5100,False,5.2500,-1.5100,False,6.7500,-3.0100,False
2025-01-27,77.3000,73.5100,3.7900,4.2500,-0.4600,False,5.2500,-1.4600,False,6.7500,-2.9600,False
2025-01-28,78.0100,74.1500,3.8600,4.2500,-0.3900,False,5.2500,-1.3900,False,6.7500,-2.8900,False
2025-01-29,77.0200,72.9400,4.0800,4.2500,-0.1700,False,5.2500,-1.1700,False,6.7500,-2.6700,False
2025-01-30,77.4200,73.1000,4.3200,4.2500,0.0700,True,5.2500,-0.9300,False,6.7500,-2.4300,False
2025-01-31,77.1100,72.8400,4.2700,4.2500,0.0200,True,5.2500,-0.9800,False,6.7500,-2.4800,False
2025-02-03,76.4900,73.5200,2.9700,4.2500,-1.2800,False,5.2500,-2.2800,False,6.7500,-3.7800,False
2025-02-04,76.5800,73.0400,3.5400,4.2500,-0.7100,False,5.2500,-1.7100,False,6.7500,-3.2100,False
2025-02-05,74.7100,71.3900,3.3200,4.2500,-0.9300,False,5.2500,-1.9300,False,6.7500,-3.4300,False
2025-02-06,74.5400,70.9700,3.5700,4.2500,-0.6800,False,5.2500,-1.6800,False,6.7500,-3.1800,False
2025-02-07,74.6800,71.3200,3.3600,4.2500,-0.8900,False,5.2500,-1.8900,False,6.7500,-3.3900,False
2025-02-10,76.2300,72.7300,3.5000,4.2500,-0.7500,False,5.2500,-1.7500,False,6.7500,-3.2500,False
2025-02-11,77.6500,73.6700,3.9800,4.2500,-0.2700,False,5.2500,-1.2700,False,6.7500,-2.7700,False
2025-02-12,75.3800,71.7200,3.6600,4.2500,-0.5900,False,5.2500,-1.5900,False,6.7500,-3.0900,False
2025-02-13,75.6100,71.6600,3.9500,4.2500,-0.3000,False,5.2500,-1.3000,False,6.7500,-2.8000,False
2025-02-14,75.1900,71.0500,4.1400,4.2500,-0.1100,False,5.2500,-1.1100,False,6.7500,-2.6100,False
2025-02-18,76.4600,72.2100,4.2500,4.2500,0.0000,False,5.2500,-1.0000,False,6.7500,-2.5000,False
2025-02-19,76.3400,72.5800,3.7600,4.2500,-0.4900,False,5.2500,-1.4900,False,6.7500,-2.9900,False
2025-02-20,76.9500,72.8800,4.0700,4.2500,-0.1800,False,5.2500,-1.1800,False,6.7500,-2.6800,False
2025-02-21,74.8800,70.7200,4.1600,4.2500,-0.0900,False,5.2500,-1.0900,False,6.7500,-2.5900,False
2025-02-24,74.8900,71.0600,3.8300,4.2500,-0.4200,False,5.2500,-1.4200,False,6.7500,-2.9200,False
2025-02-25,73.1100,69.1500,3.9600,4.2500,-0.2900,False,5.2500,-1.2900,False,6.7500,-2.7900,False
2025-02-26,73.4900,68.8700,4.6200,4.2500,0.3700,True,5.2500,-0.6300,False,6.7500,-2.1300,False
2025-02-27,75.0100,70.6200,4.3900,4.2500,0.1400,True,5.2500,-0.8600,False,6.7500,-2.3600,False
2025-02-28,74.7600,69.9700,4.7900,4.2500,0.5400,True,5.2500,-0.4600,False,6.7500,-1.9600,False
2025-03-03,72.8500,68.6300,4.2200,4.2500,-0.0300,False,5.2500,-1.0300,False,6.7500,-2.5300,False
2025-03-04,72.3100,68.4700,3.8400,4.2500,-0.4100,False,5.2500,-1.4100,False,6.7500,-2.9100,False
2025-03-05,70.9200,66.5800,4.3400,4.2500,0.0900,True,5.2500,-0.9100,False,6.7500,-2.4100,False
2025-03-06,71.0800,66.6200,4.4600,4.2500,0.2100,True,5.2500,-0.7900,False,6.7500,-2.2900,False
2025-03-07,72.4900,67.2900,5.2000,4.2500,0.9500,True,5.2500,-0.0500,False,6.7500,-1.5500,False
2025-03-10,71.0800,66.3100,4.7700,4.2500,0.5200,True,5.2500,-0.4800,False,6.7500,-1.9800,False
2025-03-11,71.5100,66.5200,4.9900,4.2500,0.7400,True,5.2500,-0.2600,False,6.7500,-1.7600,False
2025-03-12,72.3600,67.6500,4.7100,4.2500,0.4600,True,5.2500,-0.5400,False,6.7500,-2.0400,False
2025-03-13,70.8200,66.8200,4.0000,4.2500,-0.2500,False,5.2500,-1.2500,False,6.7500,-2.7500,False
2025-03-14,71.9400,67.4300,4.5100,4.2500,0.2600,True,5.2500,-0.7400,False,6.7500,-2.2400,False
2025-03-17,71.9300,67.8400,4.0900,4.2500,-0.1600,False,5.2500,-1.1600,False,6.7500,-2.6600,False
2025-03-18,71.9300,67.4900,4.4400,4.2500,0.1900,True,5.2500,-0.8100,False,6.7500,-2.3100,False
2025-03-19,71.9400,67.4000,4.5400,4.2500,0.2900,True,5.2500,-0.7100,False,6.7500,-2.2100,False
2025-03-20,72.6100,68.5500,4.0600,4.2500,-0.1900,False,5.2500,-1.1900,False,6.7500,-2.6900,False
2025-03-21,72.6400,68.5200,4.1200,4.2500,-0.1300,False,5.2500,-1.1300,False,6.7500,-2.6300,False
2025-03-24,73.9600,69.4600,4.5000,4.2500,0.2500,True,5.2500,-0.7500,False,6.7500,-2.2500,False
2025-03-25,73.7800,69.4800,4.3000,4.2500,0.0500,True,5.2500,-0.9500,False,6.7500,-2.4500,False
2025-03-26,74.6000,70.0500,4.5500,4.2500,0.3000,True,5.2500,-0.7000,False,6.7500,-2.2000,False
2025-03-27,74.7200,70.3000,4.4200,4.2500,0.1700,True,5.2500,-0.8300,False,6.7500,-2.3300,False
2025-03-28,74.6900,69.7400,4.9500,4.2500,0.7000,True,5.2500,-0.3000,False,6.7500,-1.8000,False
2025-03-31,77.2300,71.8700,5.3600,4.2500,1.1100,True,5.2500,0.1100,True,6.7500,-1.3900,False
2025-04-01,77.7800,71.6100,6.1700,4.2500,1.9200,True,5.2500,0.9200,True,6.7500,-0.5800,False
2025-04-02,77.2700,72.1200,5.1500,4.2500,0.9000,True,5.2500,-0.1000,False,6.7500,-1.6000,False
2025-04-03,72.5400,67.4300,5.1100,4.2500,0.8600,True,5.2500,-0.1400,False,6.7500,-1.6400,False
2025-04-04,68.3600,62.4200,5.9400,4.2500,1.6900,True,5.2500,0.6900,True,6.7500,-0.8100,False
2025-04-07,66.1300,61.0500,5.0800,4.2500,0.8300,True,5.2500,-0.1700,False,6.7500,-1.6700,False
2025-04-08,64.8600,60.0400,4.8200,4.2500,0.5700,True,5.2500,-0.4300,False,6.7500,-1.9300,False
2025-04-09,67.3000,62.6300,4.6700,4.2500,0.4200,True,5.2500,-0.5800,False,6.7500,-2.0800,False
2025-04-10,65.3700,60.5700,4.8000,4.2500,0.5500,True,5.2500,-0.4500,False,6.7500,-1.9500,False
2025-04-11,66.8300,61.9100,4.9200,4.2500,0.6700,True,5.2500,-0.3300,False,6.7500,-1.8300,False
2025-04-14,67.1800,61.9900,5.1900,4.2500,0.9400,True,5.2500,-0.0600,False,6.7500,-1.5600,False
2025-04-15,66.5800,61.7400,4.8400,4.2500,0.5900,True,5.2500,-0.4100,False,6.7500,-1.9100,False
2025-04-16,67.9400,62.8800,5.0600,4.2500,0.8100,True,5.2500,-0.1900,False,6.7500,-1.6900,False
2025-04-17,69.3300,65.0700,4.2600,4.2500,0.0100,True,5.2500,-0.9900,False,6.7500,-2.4900,False
2025-04-22,68.9300,64.6000,4.3300,4.2500,0.0800,True,5.2500,-0.9200,False,6.7500,-2.4200,False
2025-04-23,68.2600,62.6400,5.6200,4.2500,1.3700,True,5.2500,0.3700,True,6.7500,-1.1300,False
2025-04-24,67.5000,63.5500,3.9500,4.2500,-0.3000,False,5.2500,-1.3000,False,6.7500,-2.8000,False
2025-04-25,66.9900,63.8500,3.1400,4.2500,-1.1100,False,5.2500,-2.1100,False,6.7500,-3.6100,False
2025-04-28,66.1300,63.3000,2.8300,4.2500,-1.4200,False,5.2500,-2.4200,False,6.7500,-3.9200,False
2025-04-29,64.0400,61.8400,2.2000,4.2500,-2.0500,False,5.2500,-3.0500,False,6.7500,-4.5500,False
2025-04-30,63.3700,59.5500,3.8200,4.2500,-0.4300,False,5.2500,-1.4300,False,6.7500,-2.9300,False
2025-05-01,62.3700,60.5900,1.7800,4.2500,-2.4700,False,5.2500,-3.4700,False,6.7500,-4.9700,False
2025-05-02,61.5700,59.6700,1.9000,4.2500,-2.3500,False,5.2500,-3.3500,False,6.7500,-4.8500,False
2025-05-06,62.3700,60.4200,1.9500,4.2500,-2.3000,False,5.2500,-3.3000,False,6.7500,-4.8000,False
2025-05-07,60.3100,59.4200,0.8900,4.2500,-3.3600,False,5.2500,-4.3600,False,6.7500,-5.8600,False
2025-05-08,62.2200,61.2500,0.9700,4.2500,-3.2800,False,5.2500,-4.2800,False,6.7500,-5.7800,False
2025-05-09,64.2600,62.3700,1.8900,4.2500,-2.3600,False,5.2500,-3.3600,False,6.7500,-4.8600,False
2025-05-12,65.2800,63.3200,1.9600,4.2500,-2.2900,False,5.2500,-3.2900,False,6.7500,-4.7900,False
2025-05-13,66.9300,65.0400,1.8900,4.2500,-2.3600,False,5.2500,-3.3600,False,6.7500,-4.8600,False
2025-05-14,65.9100,64.4800,1.4300,4.2500,-2.8200,False,5.2500,-3.8200,False,6.7500,-5.3200,False
2025-05-15,64.3600,63.0300,1.3300,4.2500,-2.9200,False,5.2500,-3.9200,False,6.7500,-5.4200,False
2025-05-16,65.2000,63.8400,1.3600,4.2500,-2.8900,False,5.2500,-3.8900,False,6.7500,-5.3900,False
2025-05-19,66.2500,63.9800,2.2700,4.2500,-1.9800,False,5.2500,-2.9800,False,6.7500,-4.4800,False
2025-05-20,66.9300,63.9700,2.9600,4.2500,-1.2900,False,5.2500,-2.2900,False,6.7500,-3.7900,False
2025-05-21,65.8600,62.9300,2.9300,4.2500,-1.3200,False,5.2500,-2.3200,False,6.7500,-3.8200,False
2025-05-22,64.8700,62.5500,2.3200,4.2500,-1.9300,False,5.2500,-2.9300,False,6.7500,-4.4300,False
2025-05-23,65.4100,62.8900,2.5200,4.2500,-1.7300,False,5.2500,-2.7300,False,6.7500,-4.2300,False
2025-05-27,64.3200,61.6100,2.7100,4.2500,-1.5400,False,5.2500,-2.5400,False,6.7500,-4.0400,False
2025-05-28,65.7200,62.5400,3.1800,4.2500,-1.0700,False,5.2500,-2.0700,False,6.7500,-3.5700,False
2025-05-29,64.6000,61.6600,2.9400,4.2500,-1.3100,False,5.2500,-2.3100,False,6.7500,-3.8100,False
2025-05-30,64.3200,61.4600,2.8600,4.2500,-1.3900,False,5.2500,-2.3900,False,6.7500,-3.8900,False
2025-06-02,66.5500,63.2700,3.2800,4.2500,-0.9700,False,5.2500,-1.9700,False,6.7500,-3.4700,False
2025-06-03,67.4800,64.1000,3.3800,4.2500,-0.8700,False,5.2500,-1.8700,False,6.7500,-3.3700,False
2025-06-04,66.6900,63.5700,3.1200,4.2500,-1.1300,False,5.2500,-2.1300,False,6.7500,-3.6300,False
2025-06-05,67.1400,64.0600,3.0800,4.2500,-1.1700,False,5.2500,-2.1700,False,6.7500,-3.6700,False
2025-06-06,68.0200,65.3000,2.7200,4.2500,-1.5300,False,5.2500,-2.5300,False,6.7500,-4.0300,False
2025-06-09,68.7300,65.9900,2.7400,4.2500,-1.5100,False,5.2500,-2.5100,False,6.7500,-4.0100,False
2025-06-10,68.4100,65.6600,2.7500,4.2500,-1.5000,False,5.2500,-2.5000,False,6.7500,-4.0000,False
2025-06-11,71.2900,68.9100,2.3800,4.2500,-1.8700,False,5.2500,-2.8700,False,6.7500,-4.3700,False
2025-06-12,70.8400,68.7300,2.1100,4.2500,-2.1400,False,5.2500,-3.1400,False,6.7500,-4.6400,False
2025-06-13,76.0000,73.8400,2.1600,4.2500,-2.0900,False,5.2500,-3.0900,False,6.7500,-4.5900,False
2025-06-16,75.0500,72.5300,2.5200,4.2500,-1.7300,False,5.2500,-2.7300,False,6.7500,-4.2300,False
2025-06-17,78.7000,75.6200,3.0800,4.2500,-1.1700,False,5.2500,-2.1700,False,6.7500,-3.6700,False
2025-06-18,78.3800,75.8900,2.4900,4.2500,-1.7600,False,5.2500,-2.7600,False,6.7500,-4.2600,False
2025-06-20,78.7300,75.7200,3.0100,4.2500,-1.2400,False,5.2500,-2.2400,False,6.7500,-3.7400,False
2025-06-23,74.3400,69.3600,4.9800,4.2500,0.7300,True,5.2500,-0.2700,False,6.7500,-1.7700,False
2025-06-24,69.1300,65.4500,3.6800,4.2500,-0.5700,False,5.2500,-1.5700,False,6.7500,-3.0700,False
2025-06-25,68.4000,65.9800,2.4200,4.2500,-1.8300,False,5.2500,-2.8300,False,6.7500,-4.3300,False
2025-06-26,68.5700,66.4400,2.1300,4.2500,-2.1200,False,5.2500,-3.1200,False,6.7500,-4.6200,False
2025-06-27,69.3700,66.6600,2.7100,4.2500,-1.5400,False,5.2500,-2.5400,False,6.7500,-4.0400,False
2025-06-30,68.1500,66.3000,1.8500,4.2500,-2.4000,False,5.2500,-3.4000,False,6.7500,-4.9000,False
2025-07-01,67.6300,66.6400,0.9900,4.2500,-3.2600,False,5.2500,-4.2600,False,6.7500,-5.7600,False
2025-07-02,70.8000,68.6600,2.1400,4.2500,-2.1100,False,5.2500,-3.1100,False,6.7500,-4.6100,False
2025-07-03,70.4200,68.1300,2.2900,4.2500,-1.9600,False,5.2500,-2.9600,False,6.7500,-4.4600,False
2025-07-07,71.9500,69.1600,2.7900,4.2500,-1.4600,False,5.2500,-2.4600,False,6.7500,-3.9600,False
2025-07-08,72.5000,69.5500,2.9500,4.2500,-1.3000,False,5.2500,-2.3000,False,6.7500,-3.8000,False
2025-07-09,71.9800,69.6100,2.3700,4.2500,-1.8800,False,5.2500,-2.8800,False,6.7500,-4.3800,False
2025-07-10,70.3800,67.7800,2.6000,4.2500,-1.6500,False,5.2500,-2.6500,False,6.7500,-4.1500,False
2025-07-11,72.0600,69.6300,2.4300,4.2500,-1.8200,False,5.2500,-2.8200,False,6.7500,-4.3200,False
2025-07-14,70.9600,68.1900,2.7700,4.2500,-1.4800,False,5.2500,-2.4800,False,6.7500,-3.9800,False
2025-07-15,70.2700,67.7600,2.5100,4.2500,-1.7400,False,5.2500,-2.7400,False,6.7500,-4.2400,False
2025-07-16,69.6700,67.1300,2.5400,4.2500,-1.7100,False,5.2500,-2.7100,False,6.7500,-4.2100,False
2025-07-17,71.3200,68.7600,2.5600,4.2500,-1.6900,False,5.2500,-2.6900,False,6.7500,-4.1900,False
2025-07-18,71.0600,68.5300,2.5300,4.2500,-1.7200,False,5.2500,-2.7200,False,6.7500,-4.2200,False
2025-07-21,71.9200,68.3900,3.5300,4.2500,-0.7200,False,5.2500,-1.7200,False,6.7500,-3.2200,False
2025-07-22,69.6900,67.5600,2.1300,4.2500,-2.1200,False,5.2500,-3.1200,False,6.7500,-4.6200,False
2025-07-23,69.1700,66.0500,3.1200,4.2500,-1.1300,False,5.2500,-2.1300,False,6.7500,-3.6300,False
2025-07-24,70.4200,67.1600,3.2600,4.2500,-0.9900,False,5.2500,-1.9900,False,6.7500,-3.4900,False
2025-07-25,69.2300,66.3800,2.8500,4.2500,-1.4000,False,5.2500,-2.4000,False,6.7500,-3.9000,False
2025-07-28,70.8700,67.8100,3.0600,4.2500,-1.1900,False,5.2500,-2.1900,False,6.7500,-3.6900,False
2025-07-29,73.2100,70.2700,2.9400,4.2500,-1.3100,False,5.2500,-2.3100,False,6.7500,-3.8100,False
2025-07-30,73.9800,71.0900,2.8900,4.2500,-1.3600,False,5.2500,-2.3600,False,6.7500,-3.8600,False
2025-07-31,73.4300,70.3600,3.0700,4.2500,-1.1800,False,5.2500,-2.1800,False,6.7500,-3.6800,False
2025-08-01,70.5500,68.3900,2.1600,4.2500,-2.0900,False,5.2500,-3.0900,False,6.7500,-4.5900,False
2025-08-04,69.5600,67.3300,2.2300,4.2500,-2.0200,False,5.2500,-3.0200,False,6.7500,-4.5200,False
2025-08-05,69.1400,66.2000,2.9400,4.2500,-1.3100,False,5.2500,-2.3100,False,6.7500,-3.8100,False
2025-08-06,67.9700,65.3800,2.5900,4.2500,-1.6600,False,5.2500,-2.6600,False,6.7500,-4.1600,False
2025-08-07,66.9900,64.9000,2.0900,4.2500,-2.1600,False,5.2500,-3.1600,False,6.7500,-4.6600,False
2025-08-08,67.1700,64.9400,2.2300,4.2500,-2.0200,False,5.2500,-3.0200,False,6.7500,-4.5200,False
2025-08-11,67.3600,65.0300,2.3300,4.2500,-1.9200,False,5.2500,-2.9200,False,6.7500,-4.4200,False
2025-08-12,66.8000,64.2200,2.5800,4.2500,-1.6700,False,5.2500,-2.6700,False,6.7500,-4.1700,False
2025-08-13,66.2500,63.6800,2.5700,4.2500,-1.6800,False,5.2500,-2.6800,False,6.7500,-4.1800,False
2025-08-14,68.1200,64.9900,3.1300,4.2500,-1.1200,False,5.2500,-2.1200,False,6.7500,-3.6200,False
2025-08-15,67.3000,63.7800,3.5200,4.2500,-0.7300,False,5.2500,-1.7300,False,6.7500,-3.2300,False
2025-08-18,68.1800,64.5100,3.6700,4.2500,-0.5800,False,5.2500,-1.5800,False,6.7500,-3.0800,False
2025-08-19,66.6200,63.3800,3.2400,4.2500,-1.0100,False,5.2500,-2.0100,False,6.7500,-3.5100,False
2025-08-20,67.6100,64.1900,3.4200,4.2500,-0.8300,False,5.2500,-1.8300,False,6.7500,-3.3300,False
2025-08-21,68.4100,64.5600,3.8500,4.2500,-0.4000,False,5.2500,-1.4000,False,6.7500,-2.9000,False
2025-08-22,68.2900,64.0800,4.2100,4.2500,-0.0400,False,5.2500,-1.0400,False,6.7500,-2.5400,False
2025-08-26,66.8900,63.6000,3.2900,4.2500,-0.9600,False,5.2500,-1.9600,False,6.7500,-3.4600,False
2025-08-27,67.7500,64.4900,3.2600,4.2500,-0.9900,False,5.2500,-1.9900,False,6.7500,-3.4900,False
2025-08-28,68.6100,64.9600,3.6500,4.2500,-0.6000,False,5.2500,-1.6000,False,6.7500,-3.1000,False
2025-08-29,67.8300,64.3600,3.4700,4.2500,-0.7800,False,5.2500,-1.7800,False,6.7500,-3.2800,False
2025-09-02,68.0900,65.9500,2.1400,4.2500,-2.1100,False,5.2500,-3.1100,False,6.7500,-4.6100,False
2025-09-03,67.7600,64.3600,3.4000,4.2500,-0.8500,False,5.2500,-1.8500,False,6.7500,-3.3500,False
2025-09-04,66.4100,63.8100,2.6000,4.2500,-1.6500,False,5.2500,-2.6500,False,6.7500,-4.1500,False
2025-09-05,64.9200,62.2200,2.7000,4.2500,-1.5500,False,5.2500,-2.5500,False,6.7500,-4.0500,False
2025-09-08,65.4400,62.6000,2.8400,4.2500,-1.4100,False,5.2500,-2.4100,False,6.7500,-3.9100,False
2025-09-09,67.9700,62.9700,5.0000,4.2500,0.7500,True,5.2500,-0.2500,False,6.7500,-1.7500,False
2025-09-10,67.6200,64.0100,3.6100,4.2500,-0.6400,False,5.2500,-1.6400,False,6.7500,-3.1400,False
2025-09-11,67.2500,62.7100,4.5400,4.2500,0.2900,True,5.2500,-0.7100,False,6.7500,-2.2100,False
2025-09-12,67.8700,63.0200,4.8500,4.2500,0.6000,True,5.2500,-0.4000,False,6.7500,-1.9000,False
2025-09-15,67.8800,63.6600,4.2200,4.2500,-0.0300,False,5.2500,-1.0300,False,6.7500,-2.5300,False
2025-09-16,69.6900,64.8900,4.8000,4.2500,0.5500,True,5.2500,-0.4500,False,6.7500,-1.9500,False
2025-09-17,69.1900,64.4100,4.7800,4.2500,0.5300,True,5.2500,-0.4700,False,6.7500,-1.9700,False
2025-09-18,67.8300,63.9100,3.9200,4.2500,-0.3300,False,5.2500,-1.3300,False,6.7500,-2.8300,False
2025-09-19,67.0500,63.0200,4.0300,4.2500,-0.2200,False,5.2500,-1.2200,False,6.7500,-2.7200,False
2025-09-22,66.8700,62.9900,3.8800,4.2500,-0.3700,False,5.2500,-1.3700,False,6.7500,-2.8700,False
2025-09-23,67.9600,63.7600,4.2000,4.2500,-0.0500,False,5.2500,-1.0500,False,6.7500,-2.5500,False
2025-09-24,69.6400,65.4000,4.2400,4.2500,-0.0100,False,5.2500,-1.0100,False,6.7500,-2.5100,False
2025-09-25,70.4800,65.5100,4.9700,4.2500,0.7200,True,5.2500,-0.2800,False,6.7500,-1.7800,False
2025-09-26,71.1500,66.5000,4.6500,4.2500,0.4000,True,5.2500,-0.6000,False,6.7500,-2.1000,False
2025-09-29,69.0000,64.2700,4.7300,4.2500,0.4800,True,5.2500,-0.5200,False,6.7500,-2.0200,False
2025-09-30,68.5200,63.1700,5.3500,4.2500,1.1000,True,5.2500,0.1000,True,6.7500,-1.4000,False
2025-10-01,66.6700,62.5900,4.0800,4.2500,-0.1700,False,5.2500,-1.1700,False,6.7500,-2.6700,False
2025-10-02,65.4400,61.2800,4.1600,4.2500,-0.0900,False,5.2500,-1.0900,False,6.7500,-2.5900,False
2025-10-03,66.1300,61.6500,4.4800,4.2500,0.2300,True,5.2500,-0.7700,False,6.7500,-2.2700,False
2025-10-06,67.0900,62.4900,4.6000,4.2500,0.3500,True,5.2500,-0.6500,False,6.7500,-2.1500,False
2025-10-07,67.1000,62.5200,4.5800,4.2500,0.3300,True,5.2500,-0.6700,False,6.7500,-2.1700,False
2025-10-08,67.4200,63.3700,4.0500,4.2500,-0.2000,False,5.2500,-1.2000,False,6.7500,-2.7000,False
2025-10-09,67.2300,62.3600,4.8700,4.2500,0.6200,True,5.2500,-0.3800,False,6.7500,-1.8800,False
2025-10-10,64.4100,59.7500,4.6600,4.2500,0.4100,True,5.2500,-0.5900,False,6.7500,-2.0900,False
2025-10-14,63.0000,59.5200,3.4800,4.2500,-0.7700,False,5.2500,-1.7700,False,6.7500,-3.2700,False
2025-10-15,62.3300,59.0800,3.2500,4.2500,-1.0000,False,5.2500,-2.0000,False,6.7500,-3.5000,False
2025-10-16,61.0800,58.2900,2.7900,4.2500,-1.4600,False,5.2500,-2.4600,False,6.7500,-3.9600,False
2025-10-17,61.2300,58.3000,2.9300,4.2500,-1.3200,False,5.2500,-2.3200,False,6.7500,-3.8200,False
2025-10-20,60.7100,58.3400,2.3700,4.2500,-1.8800,False,5.2500,-2.8800,False,6.7500,-4.3800,False
2025-10-21,61.0000,58.6600,2.3400,4.2500,-1.9100,False,5.2500,-2.9100,False,6.7500,-4.4100,False
2025-10-22,62.2800,59.3000,2.9800,4.2500,-1.2700,False,5.2500,-2.2700,False,6.7500,-3.7700,False
2025-10-23,66.3200,62.4400,3.8800,4.2500,-0.3700,False,5.2500,-1.3700,False,6.7500,-2.8700,False
2025-10-24,65.8000,62.2700,3.5300,4.2500,-0.7200,False,5.2500,-1.7200,False,6.7500,-3.2200,False
2025-10-27,65.5200,62.1300,3.3900,4.2500,-0.8600,False,5.2500,-1.8600,False,6.7500,-3.3600,False
2025-10-28,64.0300,60.9700,3.0600,4.2500,-1.1900,False,5.2500,-2.1900,False,6.7500,-3.6900,False
2025-10-29,65.0100,61.2600,3.7500,4.2500,-0.5000,False,5.2500,-1.5000,False,6.7500,-3.0000,False
2025-10-30,65.1100,61.3600,3.7500,4.2500,-0.5000,False,5.2500,-1.5000,False,6.7500,-3.0000,False
2025-10-31,65.4400,61.7500,3.6900,4.2500,-0.5600,False,5.2500,-1.5600,False,6.7500,-3.0600,False
2025-11-03,65.7900,61.7900,4.0000,4.2500,-0.2500,False,5.2500,-1.2500,False,6.7500,-2.7500,False
2025-11-04,65.0400,61.3800,3.6600,4.2500,-0.5900,False,5.2500,-1.5900,False,6.7500,-3.0900,False
2025-11-05,63.5400,60.4000,3.1400,4.2500,-1.1100,False,5.2500,-2.1100,False,6.7500,-3.6100,False
2025-11-06,63.4100,60.2400,3.1700,4.2500,-1.0800,False,5.2500,-2.0800,False,6.7500,-3.5800,False
2025-11-07,63.7200,60.5400,3.1800,4.2500,-1.0700,False,5.2500,-2.0700,False,6.7500,-3.5700,False
2025-11-10,63.0100,60.9400,2.0700,4.2500,-2.1800,False,5.2500,-3.1800,False,6.7500,-4.6800,False
2025-11-12,61.8800,59.3000,2.5800,4.2500,-1.6700,False,5.2500,-2.6700,False,6.7500,-4.1700,False
2025-11-13,62.1400,59.5400,2.6000,4.2500,-1.6500,False,5.2500,-2.6500,False,6.7500,-4.1500,False
2025-11-14,63.4500,60.8700,2.5800,4.2500,-1.6700,False,5.2500,-2.6700,False,6.7500,-4.1700,False
2025-11-17,63.1600,60.6600,2.5000,4.2500,-1.7500,False,5.2500,-2.7500,False,6.7500,-4.2500,False
2025-11-18,64.8600,61.5100,3.3500,4.2500,-0.9000,False,5.2500,-1.9000,False,6.7500,-3.4000,False
2025-11-19,63.7800,60.2700,3.5100,4.2500,-0.7400,False,5.2500,-1.7400,False,6.7500,-3.2400,False
2025-11-20,63.6400,60.0700,3.5700,4.2500,-0.6800,False,5.2500,-1.6800,False,6.7500,-3.1800,False
2025-11-21,62.7800,58.8600,3.9200,4.2500,-0.3300,False,5.2500,-1.3300,False,6.7500,-2.8300,False
2025-11-24,64.8300,59.1100,5.7200,4.2500,1.4700,True,5.2500,0.4700,True,6.7500,-1.0300,False
2025-11-25,63.9900,58.2500,5.7400,4.2500,1.4900,True,5.2500,0.4900,True,6.7500,-1.0100,False
2025-11-26,64.8100,58.8100,6.0000,4.2500,1.7500,True,5.2500,0.7500,True,6.7500,-0.7500,False
2025-11-28,64.0700,58.5800,5.4900,4.2500,1.2400,True,5.2500,0.2400,True,6.7500,-1.2600,False
2025-12-01,64.2200,59.4700,4.7500,4.2500,0.5000,True,5.2500,-0.5000,False,6.7500,-2.0000,False
2025-12-02,63.3700,58.8100,4.5600,4.2500,0.3100,True,5.2500,-0.6900,False,6.7500,-2.1900,False
2025-12-03,63.7500,59.0900,4.6600,4.2500,0.4100,True,5.2500,-0.5900,False,6.7500,-2.0900,False
2025-12-04,64.1500,59.8200,4.3300,4.2500,0.0800,True,5.2500,-0.9200,False,6.7500,-2.4200,False
2025-12-05,64.4200,60.2300,4.1900,4.2500,-0.0600,False,5.2500,-1.0600,False,6.7500,-2.5600,False
2025-12-08,63.3000,59.0400,4.2600,4.2500,0.0100,True,5.2500,-0.9900,False,6.7500,-2.4900,False
2025-12-09,62.6200,58.4000,4.2200,4.2500,-0.0300,False,5.2500,-1.0300,False,6.7500,-2.5300,False
2025-12-10,63.1200,58.6700,4.4500,4.2500,0.2000,True,5.2500,-0.8000,False,6.7500,-2.3000,False
2025-12-11,61.8700,57.7600,4.1100,4.2500,-0.1400,False,5.2500,-1.1400,False,6.7500,-2.6400,False
2025-12-12,62.1100,57.6100,4.5000,4.2500,0.2500,True,5.2500,-0.7500,False,6.7500,-2.2500,False
2025-12-15,61.5500,56.9700,4.5800,4.2500,0.3300,True,5.2500,-0.6700,False,6.7500,-2.1700,False
2025-12-16,59.9300,55.4400,4.4900,4.2500,0.2400,True,5.2500,-0.7600,False,6.7500,-2.2600,False
2025-12-17,60.6100,56.0700,4.5400,4.2500,0.2900,True,5.2500,-0.7100,False,6.7500,-2.2100,False
2025-12-18,60.6900,56.2200,4.4700,4.2500,0.2200,True,5.2500,-0.7800,False,6.7500,-2.2800,False
2025-12-19,61.3500,56.8000,4.5500,4.2500,0.3000,True,5.2500,-0.7000,False,6.7500,-2.2000,False
2025-12-22,62.2200,58.1800,4.0400,4.2500,-0.2100,False,5.2500,-1.2100,False,6.7500,-2.7100,False
2025-12-23,63.7000,58.5500,5.1500,4.2500,0.9000,True,5.2500,-0.1000,False,6.7500,-1.6000,False
2025-12-24,63.7000,58.7200,4.9800,4.2500,0.7300,True,5.2500,-0.2700,False,6.7500,-1.7700,False
2025-12-29,63.1000,57.8900,5.2100,4.2500,0.9600,True,5.2500,-0.0400,False,6.7500,-1.5400,False
2025-12-30,62.3000,57.7900,4.5100,4.2500,0.2600,True,5.2500,-0.7400,False,6.7500,-2.2400,False
2025-12-31,61.3500,57.2600,4.0900,4.2500,-0.1600,False,5.2500,-1.1600,False,6.7500,-2.6600,False
2026-01-02,61.9800,57.2100,4.7700,4.2500,0.5200,True,5.2500,-0.4800,False,6.7500,-1.9800,False
2026-01-05,63.0000,58.1000,4.9000,4.2500,0.6500,True,5.2500,-0.3500,False,6.7500,-1.8500,False
2026-01-06,62.1000,56.9700,5.1300,4.2500,0.8800,True,5.2500,-0.1200,False,6.7500,-1.6200,False
2026-01-07,61.0800,56.0100,5.0700,4.2500,0.8200,True,5.2500,-0.1800,False,6.7500,-1.6800,False
2026-01-08,63.3400,57.7400,5.6000,4.2500,1.3500,True,5.2500,0.3500,True,6.7500,-1.1500,False
2026-01-09,65.1100,58.9600,6.1500,4.2500,1.9000,True,5.2500,0.9000,True,6.7500,-0.6000,False
2026-01-12,65.4000,59.3900,6.0100,4.2500,1.7600,True,5.2500,0.7600,True,6.7500,-0.7400,False
2026-01-13,67.5800,60.8500,6.7300,4.2500,2.4800,True,5.2500,1.4800,True,6.7500,-0.0200,False
2026-01-14,68.8700,61.8400,7.0300,4.2500,2.7800,True,5.2500,1.7800,True,6.7500,0.2800,True
2026-01-15,66.1600,59.1300,7.0300,4.2500,2.7800,True,5.2500,1.7800,True,6.7500,0.2800,True
2026-01-16,66.9700,59.4000,7.5700,4.2500,3.3200,True,5.2500,2.3200,True,6.7500,0.8200,True
2026-01-20,67.6800,60.3000,7.3800,4.2500,3.1300,True,5.2500,2.1300,True,6.7500,0.6300,True
2026-01-21,66.7200,60.3800,6.3400,4.2500,2.0900,True,5.2500,1.0900,True,6.7500,-0.4100,False
2026-01-22,65.4600,59.2400,6.2200,4.2500,1.9700,True,5.2500,0.9700,True,6.7500,-0.5300,False
2026-01-23,68.1600,60.7000,7.4600,4.2500,3.2100,True,5.2500,2.2100,True,6.7500,0.7100,True
2026-01-26,67.7000,60.4600,7.2400,4.2500,2.9900,True,5.2500,1.9900,True,6.7500,0.4900,True
2026-01-27,70.2800,62.0400,8.2400,4.2500,3.9900,True,5.2500,2.9900,True,6.7500,1.4900,True
2026-01-28,70.9000,62.7500,8.1500,4.2500,3.9000,True,5.2500,2.9000,True,6.7500,1.4000,True
2026-01-29,71.0000,64.7700,6.2300,4.2500,1.9800,True,5.2500,0.9800,True,6.7500,-0.5200,False
2026-01-30,72.2500,64.5000,7.7500,4.2500,3.5000,True,5.2500,2.5000,True,6.7500,1.0000,True
2026-02-02,67.7200,61.6000,6.1200,4.2500,1.8700,True,5.2500,0.8700,True,6.7500,-0.6300,False
2026-02-03,70.0100,62.6200,7.3900,4.2500,3.1400,True,5.2500,2.1400,True,6.7500,0.6400,True
2026-02-04,71.1500,64.5600,6.5900,4.2500,2.3400,True,5.2500,1.3400,True,6.7500,-0.1600,False
2026-02-05,69.8700,62.9000,6.9700,4.2500,2.7200,True,5.2500,1.7200,True,6.7500,0.2200,True
2026-02-06,70.4500,63.7700,6.6800,4.2500,2.4300,True,5.2500,1.4300,True,6.7500,-0.0700,False
2026-02-09,71.1900,64.5300,6.6600,4.2500,2.4100,True,5.2500,1.4100,True,6.7500,-0.0900,False
2026-02-10,71.0100,64.2000,6.8100,4.2500,2.5600,True,5.2500,1.5600,True,6.7500,0.0600,True
2026-02-11,71.5200,64.8000,6.7200,4.2500,2.4700,True,5.2500,1.4700,True,6.7500,-0.0300,False
2026-02-12,69.8000,63.0800,6.7200,4.2500,2.4700,True,5.2500,1.4700,True,6.7500,-0.0300,False
2026-02-13,69.9600,63.0500,6.9100,4.2500,2.6600,True,5.2500,1.6600,True,6.7500,0.1600,True
2026-02-17,69.7700,62.5300,7.2400,4.2500,2.9900,True,5.2500,1.9900,True,6.7500,0.4900,True
2026-02-18,71.7800,65.3300,6.4500,4.2500,2.2000,True,5.2500,1.2000,True,6.7500,-0.3000,False
2026-02-19,73.1700,66.6600,6.5100,4.2500,2.2600,True,5.2500,1.2600,True,6.7500,-0.2400,False
2026-02-20,72.7500,66.6900,6.0600,4.2500,1.8100,True,5.2500,0.8100,True,6.7500,-0.6900,False
2026-02-23,71.9000,66.3600,5.5400,4.2500,1.2900,True,5.2500,0.2900,True,6.7500,-1.2100,False
2026-02-24,71.2100,65.6200,5.5900,4.2500,1.3400,True,5.2500,0.3400,True,6.7500,-1.1600,False
2026-02-25,70.6900,65.3000,5.3900,4.2500,1.1400,True,5.2500,0.1400,True,6.7500,-1.3600,False
2026-02-26,71.6600,65.1000,6.5600,4.2500,2.3100,True,5.2500,1.3100,True,6.7500,-0.1900,False
2026-02-27,71.3200,66.9600,4.3600,4.2500,0.1100,True,5.2500,-0.8900,False,6.7500,-2.3900,False
2026-03-02,77.2400,71.1300,6.1100,4.2500,1.8600,True,5.2500,0.8600,True,6.7500,-0.6400,False
2026-03-03,83.2800,74.4800,8.8000,4.2500,4.5500,True,5.2500,3.5500,True,6.7500,2.0500,True
2026-03-04,81.5600,74.5800,6.9800,4.2500,2.7300,True,5.2500,1.7300,True,6.7500,0.2300,True
2026-03-05,88.5900,80.8800,7.7100,4.2500,3.4600,True,5.2500,2.4600,True,6.7500,0.9600,True
2026-03-06,95.7400,90.7700,4.9700,4.2500,0.7200,True,5.2500,-0.2800,False,6.7500,-1.7800,False
2026-03-09,94.3500,94.6500,-0.3000,4.2500,-4.5500,False,5.2500,-5.5500,False,6.7500,-7.0500,False
2026-03-10,89.8400,83.7100,6.1300,4.2500,1.8800,True,5.2500,0.8800,True,6.7500,-0.6200,False
2026-03-11,90.9800,86.8000,4.1800,4.2500,-0.0700,False,5.2500,-1.0700,False,6.7500,-2.5700,False
2026-03-12,102.3800,95.6100,6.7700,4.2500,2.5200,True,5.2500,1.5200,True,6.7500,0.0200,True
2026-03-13,103.2300,98.4800,4.7500,4.2500,0.5000,True,5.2500,-0.5000,False,6.7500,-2.0000,False
2026-03-16,101.0400,93.3900,7.6500,4.2500,3.4000,True,5.2500,2.4000,True,6.7500,0.9000,True
2026-03-17,108.3900,96.0100,12.3800,4.2500,8.1300,True,5.2500,7.1300,True,6.7500,5.6300,True
2026-03-18,118.0900,96.1200,21.9700,4.2500,17.7200,True,5.2500,16.7200,True,6.7500,15.2200,True
2026-03-19,111.0500,96.1100,14.9400,4.2500,10.6900,True,5.2500,9.6900,True,6.7500,8.1900,True
2026-03-20,118.4200,98.7100,19.7100,4.2500,15.4600,True,5.2500,14.4600,True,6.7500,12.9600,True
2026-03-23,103.7900,89.3300,14.4600,4.2500,10.2100,True,5.2500,9.2100,True,6.7500,7.7100,True
2026-03-24,108.4200,93.1800,15.2400,4.2500,10.9900,True,5.2500,9.9900,True,6.7500,8.4900,True
2026-03-25,109.1400,91.5100,17.6300,4.2500,13.3800,True,5.2500,12.3800,True,6.7500,10.8800,True
2026-03-26,113.3900,96.1800,17.2100,4.2500,12.9600,True,5.2500,11.9600,True,6.7500,10.4600,True
2026-03-27,121.4700,101.2600,20.2100,4.2500,15.9600,True,5.2500,14.9600,True,6.7500,13.4600,True
2026-03-30,121.8800,104.6900,17.1900,4.2500,12.9400,True,5.2500,11.9400,True,6.7500,10.4400,True
2026-03-31,126.6900,102.8600,23.8300,4.2500,19.5800,True,5.2500,18.5800,True,6.7500,17.0800,True
2026-04-01,119.5600,101.9000,17.6600,4.2500,13.4100,True,5.2500,12.4100,True,6.7500,10.9100,True
2026-04-02,127.6100,113.2300,14.3800,4.2500,10.1300,True,5.2500,9.1300,True,6.7500,7.6300,True
2026-04-07,138.2100,114.5800,23.6300,4.2500,19.3800,True,5.2500,18.3800,True,6.7500,16.8800,True
2026-04-08,122.1100,96.1700,25.9400,4.2500,21.6900,True,5.2500,20.6900,True,6.7500,19.1900,True
2026-04-09,119.0300,99.6200,19.4100,4.2500,15.1600,True,5.2500,14.1600,True,6.7500,12.6600,True
2026-04-10,119.0700,98.3400,20.7300,4.2500,16.4800,True,5.2500,15.4800,True,6.7500,13.9800,True
2026-04-13,123.2800,100.7200,22.5600,4.2500,18.3100,True,5.2500,17.3100,True,6.7500,15.8100,True
2026-04-14,118.6900,93.0700,25.6200,4.2500,21.3700,True,5.2500,20.3700,True,6.7500,18.8700,True
2026-04-15,114.9300,93.0400,21.8900,4.2500,17.6400,True,5.2500,16.6400,True,6.7500,15.1400,True
2026-04-16,116.6300,96.4600,20.1700,4.2500,15.9200,True,5.2500,14.9200,True,6.7500,13.4200,True
2026-04-17,98.6300,85.9100,12.7200,4.2500,8.4700,True,5.2500,7.4700,True,6.7500,5.9700,True
2026-04-20,103.4000,91.0600,12.3400,4.2500,8.0900,True,5.2500,7.0900,True,6.7500,5.5900,True
2026-04-21,106.1400,93.6400,12.5000,4.2500,8.2500,True,5.2500,7.2500,True,6.7500,5.7500,True
2026-04-22,113.4400,94.7600,18.6800,4.2500,14.4300,True,5.2500,13.4300,True,6.7500,11.9300,True
2026-04-23,113.2500,99.2700,13.9800,4.2500,9.7300,True,5.2500,8.7300,True,6.7500,7.2300,True
2026-04-24,111.8600,98.4200,13.4400,4.2500,9.1900,True,5.2500,8.1900,True,6.7500,6.6900,True
2026-04-27,113.8900,99.8900,14.0000,4.2500,9.7500,True,5.2500,8.7500,True,6.7500,7.2500,True
2026-04-28,117.6200,103.4500,14.1700,4.2500,9.9200,True,5.2500,8.9200,True,6.7500,7.4200,True
2026-04-29,124.1600,110.4700,13.6900,4.2500,9.4400,True,5.2500,8.4400,True,6.7500,6.9400,True
2026-04-30,124.2400,108.6400,15.6000,4.2500,11.3500,True,5.2500,10.3500,True,6.7500,8.8500,True
2026-05-01,118.2600,105.3800,12.8800,4.2500,8.6300,True,5.2500,7.6300,True,6.7500,6.1300,True
2026-05-05,114.5100,105.6600,8.8500,4.2500,4.6000,True,5.2500,3.6000,True,6.7500,2.1000,True
2026-05-06,103.7000,98.7500,4.9500,4.2500,0.7000,True,5.2500,-0.3000,False,6.7500,-1.8000,False
2026-05-07,101.8200,98.3800,3.4400,4.2500,-0.8100,False,5.2500,-1.8100,False,6.7500,-3.3100,False
2026-05-08,103.4800,98.8700,4.6100,4.2500,0.3600,True,5.2500,-0.6400,False,6.7500,-2.1400,False
2026-05-11,106.1100,101.5600,4.5500,4.2500,0.3000,True,5.2500,-0.7000,False,6.7500,-2.2000,False
2026-05-12,111.3700,105.7800,5.5900,4.2500,1.3400,True,5.2500,0.3400,True,6.7500,-1.1600,False
2026-05-13,110.2800,104.5200,5.7600,4.2500,1.5100,True,5.2500,0.5100,True,6.7500,-0.9900,False
2026-05-14,110.9100,104.6600,6.2500,4.2500,2.0000,True,5.2500,1.0000,True,6.7500,-0.5000,False
2026-05-15,113.9600,108.9900,4.9700,4.2500,0.7200,True,5.2500,-0.2800,False,6.7500,-1.7800,False
2026-05-18,116.7300,112.2500,4.4800,4.2500,0.2300,True,5.2500,-0.7700,False,6.7500,-2.2700,False
2026-05-19,114.6400,112.0900,2.5500,4.2500,-1.7000,False,5.2500,-2.7000,False,6.7500,-4.2000,False
2026-05-20,108.9300,101.6900,7.2400,4.2500,2.9900,True,5.2500,1.9900,True,6.7500,0.4900,True
2026-05-21,105.8400,100.2000,5.6400,4.2500,1.3900,True,5.2500,0.3900,True,6.7500,-1.1100,False
2026-05-22,106.9000,100.3500,6.5500,4.2500,2.3000,True,5.2500,1.3000,True,6.7500,-0.2000,False
2026-05-26,102.7500,97.6300,5.1200,4.2500,0.8700,True,5.2500,-0.1300,False,6.7500,-1.6300,False
2026-05-27,97.1100,92.3500,4.7600,4.2500,0.5100,True,5.2500,-0.4900,False,6.7500,-1.9900,False
2026-05-28,95.4700,92.6500,2.8200,4.2500,-1.4300,False,5.2500,-2.4300,False,6.7500,-3.9300,False
2026-05-29,92.8800,91.1600,1.7200,4.2500,-2.5300,False,5.2500,-3.5300,False,6.7500,-5.0300,False
2026-06-01,98.2900,95.9600,2.3300,4.2500,-1.9200,False,5.2500,-2.9200,False,6.7500,-4.4200,False
2026-06-02,98.4900,97.4700,1.0200,4.2500,-3.2300,False,5.2500,-4.2300,False,6.7500,-5.7300,False
2026-06-03,101.6900,99.7600,1.9300,4.2500,-2.3200,False,5.2500,-3.3200,False,6.7500,-4.8200,False
2026-06-04,98.9800,96.8300,2.1500,4.2500,-2.1000,False,5.2500,-3.1000,False,6.7500,-4.6000,False
2026-06-05,97.2900,94.3200,2.9700,4.2500,-1.2800,False,5.2500,-2.2800,False,6.7500,-3.7800,False
2026-06-08,97.4600,95.0000,2.4600,4.2500,-1.7900,False,5.2500,-2.7900,False,6.7500,-4.2900,False
2026-06-09,94.1500,91.9000,2.2500,4.2500,-2.0000,False,5.2500,-3.0000,False,6.7500,-4.5000,False
2026-06-10,95.7300,93.6800,2.0500,4.2500,-2.2000,False,5.2500,-3.2000,False,6.7500,-4.7000,False
2026-06-11,92.8400,91.5800,1.2600,4.2500,-2.9900,False,5.2500,-3.9900,False,6.7500,-5.4900,False
2026-06-12,88.6400,88.6200,0.0200,4.2500,-4.2300,False,5.2500,-5.2300,False,6.7500,-6.7300,False
2026-06-15,84.3600,84.6500,-0.2900,4.2500,-4.5400,False,5.2500,-5.5400,False,6.7500,-7.0400,False
2026-06-16,80.5000,79.8000,0.7000,4.2500,-3.5500,False,5.2500,-4.5500,False,6.7500,-6.0500,False
2026-06-17,80.3300,80.6500,-0.3200,4.2500,-4.5700,False,5.2500,-5.5700,False,6.7500,-7.0700,False
2026-06-18,79.3500,80.3500,-1.0000,4.2500,-5.2500,False,5.2500,-6.2500,False,6.7500,-7.7500,False
2026-06-22,76.4900,78.9400,-2.4500,4.2500,-6.7000,False,5.2500,-7.7000,False,6.7500,-9.2000,False
2026-06-23,75.6900,74.6200,1.0700,4.2500,-3.1800,False,5.2500,-4.1800,False,6.7500,-5.6800,False
2026-06-24,72.0900,71.4200,0.6700,4.2500,-3.5800,False,5.2500,-4.5800,False,6.7500,-6.0800,False
2026-06-25,73.7400,72.6700,1.0700,4.2500,-3.1800,False,5.2500,-4.1800,False,6.7500,-5.6800,False
2026-06-26,70.1600,70.3000,-0.1400,4.2500,-4.3900,False,5.2500,-5.3900,False,6.7500,-6.8900,False
2026-06-29,71.5900,71.8700,-0.2800,4.2500,-4.5300,False,5.2500,-5.5300,False,6.7500,-7.0300,False
2026-06-30,70.4600,70.5600,-0.1000,4.2500,-4.3500,False,5.2500,-5.3500,False,6.7500,-6.8500,False
2026-07-01,69.2400,69.7400,-0.5000,4.2500,-4.7500,False,5.2500,-5.7500,False,6.7500,-7.2500,False
2026-07-02,68.5300,69.7300,-1.2000,4.2500,-5.4500,False,5.2500,-6.4500,False,6.7500,-7.9500,False
2026-07-06,69.5600,69.6000,-0.0400,4.2500,-4.2900,False,5.2500,-5.2900,False,6.7500,-6.7900,False
2026-07-07,71.7800,71.5300,0.2500,4.2500,-4.0000,False,5.2500,-5.0000,False,6.7500,-6.5000,False
2026-07-08,76.5000,74.5600,1.9400,4.2500,-2.3100,False,5.2500,-3.3100,False,6.7500,-4.8100,False
2026-07-09,74.4600,73.1500,1.3100,4.2500,-2.9400,False,5.2500,-3.9400,False,6.7500,-5.4400,False
2026-07-10,74.3400,72.4500,1.8900,4.2500,-2.3600,False,5.2500,-3.3600,False,6.7500,-4.8600,False
2026-07-13,81.6200,79.2000,2.4200,4.2500,-1.8300,False,5.2500,-2.8300,False,6.7500,-4.3300,False
2026-07-14,83.6900,80.4400,3.2500,4.2500,-1.0000,False,5.2500,-2.0000,False,6.7500,-3.5000,False
2026-07-15,83.0800,80.7300,2.3500,4.2500,-1.9000,False,5.2500,-2.9000,False,6.7500,-4.4000,False
2026-07-16,81.2300,80.0300,1.2000,4.2500,-3.0500,False,5.2500,-4.0500,False,6.7500,-5.5500,False
2026-07-17,85.0100,83.4300,1.5800,4.2500,-2.6700,False,5.2500,-3.6700,False,6.7500,-5.1700,False
2026-07-20,86.9900,84.3800,2.6100,4.2500,-1.6400,False,5.2500,-2.6400,False,6.7500,-4.1400,False
2026-07-21,93.8500,86.0400,7.8100,4.2500,3.5600,True,5.2500,2.5600,True,6.7500,1.0600,True
2026-07-22,94.1200,87.6600,6.4600,4.2500,2.2100,True,5.2500,1.2100,True,6.7500,-0.2900,False
2026-07-23,105.3200,93.0800,12.2400,4.2500,7.9900,True,5.2500,6.9900,True,6.7500,5.4900,True
2026-07-24,100.3100,91.7400,8.5700,4.2500,4.3200,True,5.2500,3.3200,True,6.7500,1.8200,True
2026-07-27,91.8200,84.2500,7.5700,4.2500,3.3200,True,5.2500,2.3200,True,6.7500,0.8200,True
2026-07-28,85.5100,80.9100,4.6000,4.2500,0.3500,True,5.2500,-0.6500,False,6.7500,-2.1500,False
2026-07-29,91.9500,86.0800,5.8700,4.2500,1.6200,True,5.2500,0.6200,True,6.7500,-0.8800,False
2026-07-30,91.9100,85.1500,6.7600,4.2500,2.5100,True,5.2500,1.5100,True,6.7500,0.0100,True
2026-07-31,96.9500,86.1600,10.7900,4.2500,6.5400,True,5.2500,5.5400,True,6.7500,4.0400,True
2026-08-03,88.9000,81.9600,6.9400,4.2500,2.6900,True,5.2500,1.6900,True,6.7500,0.1900,True
2026-08-04,86.4700,77.3300,9.1400,4.2500,4.8900,True,5.2500,3.8900,True,6.7500,2.3900,True
2026-08-05,86.6500,76.7800,9.8700,4.2500,5.6200,True,5.2500,4.6200,True,6.7500,3.1200,True
2026-08-06,89.6500,78.8800,10.7700,4.2500,6.5200,True,5.2500,5.5200,True,6.7500,4.0200,True
2026-08-07,87.6200,79.7700,7.8500,4.2500,3.6000,True,5.2500,2.6000,True,6.7500,1.1000,True
2026-08-10,92.7400,83.7600,8.9800,4.2500,4.7300,True,5.2500,3.7300,True,6.7500,2.2300,True
2026-08-11,93.2600,84.7700,8.4900,4.2500,4.2400,True,5.2500,3.2400,True,6.7500,1.7400,True
2026-08-12,92.5200,84.9700,7.5500,4.2500,3.3000,True,5.2500,2.3000,True,6.7500,0.8000,True
2026-08-13,92.0300,82.7700,9.2600,4.2500,5.0100,True,5.2500,4.0100,True,6.7500,2.5100,True
2026-08-14,92.0200,83.9900,8.0300,4.2500,3.7800,True,5.2500,2.7800,True,6.7500,1.2800,True
2026-08-17,92.4300,86.0400,6.3900,4.2500,2.1400,True,5.2500,1.1400,True,6.7500,-0.3600,False
2026-08-18,95.2900,86.4800,8.8100,4.2500,4.5600,True,5.2500,3.5600,True,6.7500,2.0600,True
2026-08-19,92.3700,87.2800,5.0900,4.2500,0.8400,True,5.2500,-0.1600,False,6.7500,-1.6600,False
2026-08-20,94.0000,89.7500,4.2500,4.2500,0.0000,False,5.2500,-1.0000,False,6.7500,-2.5000,False
2026-08-21,96.9200,87.2100,9.7100,4.2500,5.4600,True,5.2500,4.4600,True,6.7500,2.9600,True
2026-08-24,92.7100,86.3400,6.3700,4.2500,2.1200,True,5.2500,1.1200,True,6.7500,-0.3800,False
2026-08-25,88.2400,83.9000,4.3400,4.2500,0.0900,True,5.2500,-0.9100,False,6.7500,-2.4100,False
2026-08-26,87.7700,83.4600,4.3100,4.2500,0.0600,True,5.2500,-0.9400,False,6.7500,-2.4400,False
2026-08-27,90.1800,84.8100,5.3700,4.2500,1.1200,True,5.2500,0.1200,True,6.7500,-1.3800,False
2026-08-28,89.7500,84.5700,5.1800,4.2500,0.9300,True,5.2500,-0.0700,False,6.7500,-1.5700,False
2026-09-01,96.0200,91.4800,4.5400,4.2500,0.2900,True,5.2500,-0.7100,False,6.7500,-2.2100,False
2026-09-02,97.5900,92.1500,5.4400,4.2500,1.1900,True,5.2500,0.1900,True,6.7500,-1.3100,False
2026-09-03,100.5200,92.5500,7.9700,4.2500,3.7200,True,5.2500,2.7200,True,6.7500,1.2200,True
2026-09-04,102.2400,92.6900,9.5500,4.2500,5.3000,True,5.2500,4.3000,True,6.7500,2.8000,True
2026-09-08,106.1200,94.2100,11.9100,4.2500,7.6600,True,5.2500,6.6600,True,6.7500,5.1600,True
2026-09-09,109.5100,97.2600,12.2500,4.2500,8.0000,True,5.2500,7.0000,True,6.7500,5.5000,True
2026-09-10,120.9800,103.5700,17.4100,4.2500,13.1600,True,5.2500,12.1600,True,6.7500,10.6600,True
2026-09-11,118.0600,101.2700,16.7900,4.2500,12.5400,True,5.2500,11.5400,True,6.7500,10.0400,True
2026-09-14,121.2500,102.4200,18.8300,4.2500,14.5800,True,5.2500,13.5800,True,6.7500,12.0800,True
2026-09-15,130.8000,107.0200,23.7800,4.2500,19.5300,True,5.2500,18.5300,True,6.7500,17.0300,True
